ttwa,Region / Nation,All creative industries: Employment 2011-2014,not_creative: Employment 2011-2014,Advertising and marketing: Employment 2011-2014,Architecture: Employment 2011-2014,"Design: product, graphic and fashion design: Employment 2011-2014","Film, TV, video, radio and photography: Employment 2011-2014","IT, software and computer services: Employment 2011-2014","Music, performing and visual arts: Employment 2011-2014",Publishing: Employment 2011-2014,total_employment,Advertising and marketing: Employment 2011-2014_share,Architecture: Employment 2011-2014_share,"Design: product, graphic and fashion design: Employment 2011-2014_share","Film, TV, video, radio and photography: Employment 2011-2014_share","IT, software and computer services: Employment 2011-2014_share","Music, performing and visual arts: Employment 2011-2014_share",Publishing: Employment 2011-2014_share,Advertising and marketing: Employment 2011-2014_LQ,Architecture: Employment 2011-2014_LQ,"Design: product, graphic and fashion design: Employment 2011-2014_LQ","Film, TV, video, radio and photography: Employment 2011-2014_LQ","IT, software and computer services: Employment 2011-2014_LQ","Music, performing and visual arts: Employment 2011-2014_LQ",Publishing: Employment 2011-2014_LQ,creative_share,creative_LQ,creative_group
Aberystwyth,Wales,376.0,19789.47368,30.5,29.5,8.25,21.5,96.25,63.25,126.75,20165.47368,0.0015124861673965896,0.001462896456990144,0.00040911511085317586,0.0010661787737385796,0.004773009626620385,0.003136549183207682,0.006285495794016975,0.32687042427920415,0.7287323000512123,0.2385549755126998,0.19196141257487964,0.32447092169876995,0.8782197053347226,1.297171202161875,0.01864573111282353,0.503494642714227,False
Andover,South East,975.25,27864.28571,76.25,31.75,78.0,92.25,352.0,61.75,283.25,28839.53571,0.0026439399290870205,0.001100919249160825,0.002704620517623444,0.0031987338814200347,0.012205466951326311,0.0021411579097852266,0.00982158668739539,0.5713941621542079,0.5484157219590742,1.5770639221985552,0.5759198076842174,0.8297320603279192,0.5995146126430704,2.026933089757683,0.03381642512579825,0.9131521195688789,False
Ashford,South East,1467.75,41935.71429,103.75,67.75,84.0,74.5,901.75,141.75,94.25,43403.46429,0.002390362191063712,0.0015609353103090747,0.0019353293884274876,0.0017164528504505694,0.020775991381124844,0.003265868342971385,0.002171485653086794,0.5165922971175766,0.7775697134799667,1.1284903505581274,0.3090407743115129,1.4123594126108039,0.9144284901323093,0.4481410452574164,0.033816425117433865,0.9131521193430135,False
Banbury,South East,1745.5,37945.65217,199.25,137.75,134.5,198.5,885.25,139.0,51.25,39691.15217,0.0050200104836110124,0.0034705467709782536,0.003388664542261888,0.005001114584676467,0.02230345937574228,0.003502039935869163,0.0012912197605272993,1.0848978271903265,1.7288301702868434,1.975929916678519,0.9004315634206372,1.5161972396528212,0.9805554770240004,0.2664758905117234,0.04397705545366636,1.1875217812209717,True
Bangor and Holyhead,Wales,866.5,37673.91304,12.0,55.75,30.25,269.0,305.25,151.0,43.25,38540.41304,0.00031136147885975015,0.0014465335372025893,0.0007848903946256203,0.0069796864844394,0.007920257618494896,0.003917965275651856,0.0011221986633903496,0.06728977817646419,0.7205812186022409,0.4576695015727861,1.256665870569377,0.5384219791285866,1.097012706931565,0.23159410760248106,0.022482893452664462,0.607110353444174,False
Barnsley,Yorkshire and The Humber,1233.0,61650.0,123.5,43.75,70.25,134.0,465.75,107.0,288.75,62883.0,0.001963964823561217,0.0006957365265652084,0.0011171540797989918,0.002130941589936867,0.007406612279948476,0.0017015727621137668,0.004591861075330376,0.4244415777050596,0.3465765993286027,0.6514124193423015,0.383667887407351,0.5035041831336009,0.47643274262987884,0.9476467961232937,0.0196078431372549,0.5294747583268016,False
Barnstaple,South West,1089.5,37568.96552,550.5,70.5,51.5,49.0,150.75,185.0,32.25,38658.46552,0.014240089268809654,0.0018236626584034162,0.001332179105074836,0.00126751021647897,0.003899533982330709,0.004785497756094071,0.0008342286628866691,3.077491960856428,0.9084456232193768,0.776793487600388,0.22821036921904939,0.26509173130212776,1.3399179109759345,0.17216420676705518,0.028182701650078325,0.7610234864037502,False
Barrow-in-Furness,North West,593.25,20456.89655,37.75,28.0,38.0,23.25,136.75,70.0,259.5,21050.14655,0.00179333668344461,0.0013301570102370616,0.0018052130853217266,0.0011045053745718457,0.006496391826782792,0.003325392525592654,0.012327705148447053,0.3875663362938352,0.6626090130081083,1.0526195487281322,0.19886197054542434,0.4416270673321684,0.9310949943280064,2.544134087645054,0.028182701654397745,0.7610234865203884,False
Basingstoke,South East,7534.5,171238.6364,312.5,265.0,245.75,205.0,4239.25,353.25,1913.75,178773.1364,0.0017480254936110189,0.001482325618582144,0.0013746472481757054,0.0011467047238088285,0.02371301463612964,0.001975968017977896,0.01070490812287388,0.3777739241946256,0.7384108097962805,0.8015566571063258,0.2064598020618658,1.612019316351015,0.553262183736808,2.209228833149265,0.04214559386115911,1.1380664343330142,True
Bath,South West,4704.25,138360.2941,351.0,496.0,337.75,164.25,1308.25,657.25,1389.75,143064.5441,0.0024534380772545305,0.0034669666276873137,0.00236082253730119,0.0011480832028178253,0.009144473973128888,0.004594080274289289,0.009714146916992832,0.5302239204179525,1.7270467453270977,1.3765953582140666,0.20670799193798195,0.6216446499422762,1.2863218744889213,2.004760172823152,0.032882011609471865,0.8879199526614341,False
Bedford,East of England,2544.25,97855.76923,342.75,317.0,209.25,231.5,1127.5,223.75,92.5,100400.01923,0.003413843967647216,0.0031573699131850256,0.002084162947425762,0.0023057764507960045,0.011230077530334752,0.002228585230520976,0.0009213145645729175,0.7377817068228768,1.5728231673223074,1.2152751822116408,0.4151462357711702,0.7634247345100046,0.6239938703782328,0.1901365875439592,0.02534113060448265,0.6842919391293547,False
Berwick,North East,164.0,13666.66667,7.5,30.5,9.75,13.0,54.0,37.75,11.5,13830.66667,0.0005422732091626643,0.002205244383928168,0.0007049551719114636,0.0009399402292152848,0.003904367105971183,0.002729441819452077,0.0008314855873827519,0.11719318680404706,1.0985280635523609,0.41105928212278553,0.16923264520023457,0.26542028879624263,0.7642314691702238,0.1715981036837592,0.011857707507023592,0.32019619764615204,False
Bideford,South West,236.75,12460.52632,26.75,46.75,16.25,4.75,50.75,50.75,40.75,12697.27632,0.0021067510327285686,0.0036818919917779654,0.001279802029227635,0.0003740959777742318,0.003996920183587845,0.003996920183587845,0.0032093497040631466,0.4552997698510995,1.8341104094468201,0.7462524205151393,0.06735455075729183,0.27171208050620405,1.119119727077623,0.6623305702853529,0.018645731102747237,0.5034946424421346,False
Birkenhead,North West,1655.5,71978.26087,170.25,116.75,111.25,120.5,807.0,143.75,186.0,73633.76087,0.0023121187616720468,0.0015855498703389807,0.0015108558721645532,0.0016364775963669993,0.010959646641229613,0.001952229497740715,0.0025260152109897248,0.4996827454710077,0.7898312955349589,0.8809798905638144,0.2946415355318059,0.7450407448037251,0.5466155045266133,0.5213071960111274,0.022482893450502632,0.6071103533857977,False
Birmingham,West Midlands,15881.0,721863.6364,1945.25,1338.0,925.0,798.0,8441.75,1732.75,700.25,737744.6364,0.002636752480495567,0.001813635686365798,0.001253821382577252,0.0010816750954558347,0.011442645033915153,0.0023487124331467387,0.0009491766736753738,0.5698408491909447,0.9034507526934364,0.7311031083507432,0.1947514660629342,0.7778751503284148,0.6576289483988463,0.1958866392095098,0.021526418785631718,0.5812824645923577,False
Blackburn,North West,1595.25,106350.0,351.25,87.75,208.5,165.25,644.25,114.0,24.25,107945.25,0.0032539643939867666,0.0008129121012735623,0.0019315347363594044,0.0015308686579539165,0.005968303376017009,0.0010560909349878757,0.00022465092257417532,0.7032293881289986,0.40494684532860153,1.1262776893604194,0.27562704987737696,0.40572742334176304,0.29570072572023565,0.04636240590276185,0.014778325123152709,0.39906225627586517,False
Blackpool,North West,1899.5,94975.0,640.5,58.0,83.25,94.5,603.75,253.25,166.25,96874.5,0.0066116470278556275,0.000598712767549768,0.0008593592741123825,0.000975488905749191,0.006232290231175387,0.002614207041068599,0.001716137889743947,1.4288738077515466,0.2982448484865725,0.5010922968965166,0.17563304851973388,0.4236733452883419,0.7319662479972041,0.3541685051533562,0.0196078431372549,0.5294747583268016,False
Blandford Forum and Gillingham,South West,631.75,22562.5,34.25,71.5,56.75,53.0,264.5,100.25,51.5,23194.25,0.0014766590857647908,0.00308266057320241,0.002446727098311004,0.002285049096219968,0.011403688414154371,0.004322191922567015,0.002220377895383554,0.31912766693959205,1.535607198344671,1.4266862981585458,0.4114143548133413,0.7752268652192562,1.2101943552994134,0.45823119737824786,0.027237354085603113,0.7354960650687477,False
Blyth and Ashington,North East,593.5,45653.84615,43.25,30.25,54.25,48.75,326.5,71.75,18.75,46247.34615,0.0009351887967738016,0.0006540915861828323,0.0011730402826584678,0.0010541145397161347,0.0070598645583039585,0.0015514403738386188,0.00040542866912159027,0.202108002950388,0.3258314447106303,0.6839996579970592,0.18978929335657838,0.479932147533369,0.4343963471867316,0.08367047108932042,0.012833168806595404,0.3465367865743966,False
Boston,East Midlands,238.75,26527.77778,13.5,46.75,9.5,14.25,43.0,78.25,33.5,26766.52778,0.0005043612720693352,0.0017465844051289942,0.0003549208951599026,0.0005323813427398538,0.0016064840517764011,0.0029234273732907765,0.0012515631566164987,0.10899986164837071,0.8700495955824202,0.2069543343858593,0.09585322564854538,0.10920936720241836,0.8185465543101259,0.258291746212781,0.008919722496781761,0.24086116357960854,False
Bournemouth,South West,3910.0,130333.3333,927.0,343.0,195.75,202.25,1635.0,265.25,341.75,134243.3333,0.00690537084570441,0.0025550617045055155,0.0014581729698453488,0.0015065925065196515,0.012179375763459234,0.0019758895542859706,0.0025457502551450724,1.492351828926708,1.2727872733576657,0.8502604960968472,0.2712562216110605,0.8279583719347029,0.5532402142549421,0.5253800220523249,0.029126213599465205,0.7865013402341337,False
Bradford,Yorkshire and The Humber,3873.75,322812.5,204.0,194.75,388.75,185.5,1386.5,294.5,1219.75,326686.25,0.0006244523606365435,0.0005961377315390531,0.001189979682340472,0.0005678231024415628,0.004244133323640037,0.0009014765696444218,0.003733704739639333,0.1349533056654372,0.29696211114324483,0.6938770200625014,0.10223437900111405,0.2885177192297066,0.2524093967975441,0.7705445082384164,0.011857707509881422,0.32019619772332264,False
Brecon,Wales,230.5,10477.27273,5.75,20.75,25.75,32.5,43.25,73.5,0.0,10707.77273,0.0005369930932405958,0.001937844640824759,0.0024047951566861466,0.00303517835309902,0.0040391219622010035,0.006864172583162399,0.0,0.11605207638010137,0.9653246308051289,1.402235787673472,0.5464722600268571,0.2745809726885219,1.9219375406658217,0.0,0.021526418781209974,0.5812824644729563,False
Bridgend,Wales,659.25,38779.41176,29.25,54.0,75.75,118.75,306.0,49.75,25.75,39438.66176,0.0007416580252645976,0.0013692148158731031,0.0019207041167108808,0.0030110048034246483,0.007758883956614252,0.0012614525386979052,0.0006529126205320816,0.16028316728714193,0.6820654033767517,1.1199623562512298,0.542119904815198,0.5274517391952149,0.3532010538078205,0.1347450506113525,0.01671583087711747,0.45138113620856646,False
Bridgwater,South West,326.25,25096.15385,37.75,15.25,32.75,44.0,160.75,29.5,6.25,25422.40385,0.001484910719801975,0.0005998645954166919,0.001288233803271912,0.0017307568654645537,0.006323162866441523,0.0011603938075273712,0.00024584614566257866,0.32091096597192226,0.2988186240034355,0.7511689870200196,0.3116161575354242,0.42985089991918746,0.32490506228145055,0.05073657683766949,0.012833168803586606,0.34653678649314945,False
Bridlington,Yorkshire and The Humber,156.75,8708.333333,5.0,15.0,25.75,7.25,34.5,52.25,0.0,8865.083333,0.0005640104906163323,0.0016920314718489966,0.002904654026674111,0.0008178152113936817,0.0038916723852526923,0.005893909626940671,0.0,0.12189093185758833,0.8428744087442032,1.693703439017641,0.14724450258362362,0.26455729708776926,1.6502682641015645,0.0,0.017681728880822017,0.4774634854246365,False
Bridport,South West,201.0,8040.0,14.25,13.5,38.25,51.5,38.5,37.75,7.25,8241.0,0.0017291590826356024,0.0016381507098653077,0.004641427011285038,0.006249241596893581,0.004671763135541803,0.0045807547627715085,0.0008797476034461837,0.3736966163202831,0.8160340596400217,2.7064155726539587,1.125152060807699,0.3175881485956504,1.2825907910226608,0.1815581926643849,0.024390243902439025,0.658614943284558,False
Brighton,South East,6776.25,118881.5789,761.75,364.0,487.0,789.25,2651.75,1397.25,325.25,125657.8289,0.006062097416995879,0.0028967554444194288,0.0038756041248139057,0.006280945699197895,0.021102942993789064,0.011119482265700677,0.0025883783194984044,1.3101080839146182,1.442999774598445,2.2598643329595864,1.1308602632336526,1.434585701558638,3.11340516869291,0.5341774024492191,0.05392620626441526,1.4561808164959587,True
Bristol,South West,13303.25,391272.0588,1316.25,911.0,724.0,1774.0,6134.0,1411.25,1032.75,404575.3088,0.0032534115932682443,0.0022517439403360842,0.0017895308592791712,0.0043848449507752065,0.01516157774974922,0.003488225725355981,0.002552676788564315,0.7031099197931551,1.1216915133854546,1.0434752444716486,0.7894745716247227,1.0306895421771916,0.9766875600306149,0.5268094875991487,0.032882011607328225,0.887919952603549,False
Bude,South West,148.25,9265.625,3.5,32.0,20.0,12.25,53.5,14.0,13.0,9413.875,0.00037179163734381434,0.003399237827143445,0.0021245236419646534,0.00130127073070335,0.005683100742255447,0.0014871665493752574,0.0013809403672770245,0.08034962094973447,1.6933080864054735,1.2388094986961184,0.23428882075025134,0.3863392450880655,0.41639996457518197,0.28499200938766256,0.015748031496062992,0.4252474436955414,False
Burnley,North West,591.0,42214.28571,105.75,49.5,74.75,35.0,244.5,42.5,39.0,42805.28571,0.002470489292290721,0.0011563992431999118,0.0017462796652362306,0.0008176560305453922,0.005711911413381383,0.0009928680370908335,0.0009111024340362942,0.533908937850508,0.5760527180497713,1.0182554780487174,0.147215842680383,0.3882978049373595,0.2779985978343388,0.18802905584257218,0.013806706115780767,0.3728254215810519,False
Burton upon Trent,East Midlands,1102.0,84769.23077,58.0,78.5,122.25,39.0,663.75,68.0,72.5,85871.23077,0.0006754299371270093,0.0009141594838701763,0.0014236432726513256,0.00045416840599919587,0.007729596909794007,0.0007918833745627005,0.0008442874214087616,0.14597030695467605,0.45538256662742804,0.8301262335138713,0.08177128536969332,0.5254607951538285,0.2217237936491406,0.17424008626995435,0.012833168805413176,0.34653678654247266,False
Bury St Edmunds,East of England,1315.25,77367.64706,118.25,233.75,92.5,51.75,557.75,180.5,80.75,78682.89706,0.0015028678965624247,0.0029707853769257234,0.0011756049085160617,0.0006577032866562832,0.007088579867295496,0.0022940182268880987,0.0010262713120288863,0.32479177500877326,1.4798773011863104,0.6854950910486071,0.1184169625877749,0.4818842246302565,0.642314815924489,0.211797069824777,0.016715830874872974,0.45138113614795783,False
Buxton,East Midlands,279.5,12704.54545,19.25,14.0,20.25,17.5,128.75,72.25,7.5,12984.04545,0.0014825887720533203,0.001078246379675142,0.0015596063706015447,0.0013478079745939276,0.009916015813083896,0.005564521495109215,0.0005776319891116832,0.32040915903833334,0.5371213803465058,0.9094063007656173,0.24266767361678512,0.6740943434319216,1.5580410643412403,0.11920898625632485,0.02152641879422873,0.5812824648245045,False
Cambridge,East of England,16037.75,334119.7917,1250.0,686.25,747.25,513.25,7870.75,1032.25,3938.0,350157.5417,0.0035698217263329616,0.001959832127756796,0.0021340394280018444,0.001465768800832314,0.022477739482028126,0.00294795878160576,0.011246366366639362,0.7714907861247309,0.9762775535822446,1.2443581524731744,0.2639060694571179,1.5280448643475086,0.8254152386263711,2.3209724511553884,0.04580152671319716,1.2367883666608992,True
Canterbury,South East,1639.25,60712.96296,123.25,288.25,224.75,114.75,596.75,157.0,134.5,62352.21296,0.0019766740288603224,0.0046229313494441215,0.003604523229098235,0.001840351682042369,0.009570630642778072,0.002517953935343372,0.0021571006643546723,0.4271882232069624,2.302883009362546,2.1017970928995617,0.33134828531676447,0.6506149345647813,0.7050158100445263,0.4451723386130665,0.026290165531921164,0.7099189311106638,False
Cardiff,Wales,6429.75,292261.3636,709.0,689.75,490.25,1242.25,1796.5,1242.25,259.75,298691.1136,0.0023736896335974558,0.0023092417838841257,0.0016413277050368867,0.00415897876916282,0.006014574649869999,0.00415897876916282,0.00086962747859935,0.5129891131346148,1.1503336880086388,0.9570580017610483,0.7488082290345642,0.4088729612831744,1.1644954042812772,0.17946964866661602,0.021526418789313457,0.5812824646917764,False
Cardigan,Wales,201.25,9583.333333,6.0,19.0,10.75,12.0,65.0,56.0,32.5,9784.583333,0.0006132095558698023,0.001941830260254374,0.0010986671209333957,0.0012264191117396046,0.006643103521922858,0.005723289188118154,0.003321551760961429,0.13252357080675845,0.9673100410508053,0.6406326756894954,0.2208120728879643,0.4516005814605681,1.602495306384526,0.6854863056165772,0.020568070519799617,0.5554039825536952,False
Carlisle,North West,893.5,74458.33333,27.5,75.75,41.5,52.5,193.5,83.75,419.0,75351.83333,0.0003649546239912303,0.0010052841006303887,0.0005507497052958566,0.0006967315548923487,0.0025679534451746567,0.0011114527185187466,0.005560581361902745,0.07887204217676064,0.5007756983461155,0.32114209173669733,0.12544385309195916,0.17457040450708947,0.3112017768370441,1.1475667546869128,0.011857707510405973,0.3201961977374872,False
Chelmsford,East of England,7979.0,221638.8889,629.0,698.5,654.75,303.25,4871.0,493.25,329.25,229617.8889,0.0027393336077309437,0.0030420103736090052,0.0028514764382541104,0.0013206723633456417,0.021213503979741536,0.0021481340254583276,0.0014339039592136935,0.5920101339786412,1.5153575673433142,1.6626955931404686,0.23778201054169096,1.4421016773940618,0.6014678937469063,0.29592238759087397,0.03474903474735326,0.9383355755221694,False
Cheltenham,South West,3309.25,68942.70833,555.25,155.25,238.5,166.0,1424.0,389.5,380.75,72251.95833,0.0076849128083695505,0.002148730686176268,0.0033009485903577446,0.0022975155807102125,0.019708808355008087,0.005390857341485709,0.0052697533575627314,1.6608222702256163,1.0703761347194245,1.924782754905568,0.41365889769070396,1.3398119242977393,1.5094158801295694,1.0875470323968792,0.045801526719670305,1.236788366835695,True
Chester,North West,4448.25,177930.0,747.25,296.25,139.75,191.0,1416.25,152.0,1505.75,182378.25,0.004097253921451708,0.0016243713271730594,0.0007662646176284727,0.0010472740033419556,0.007765454488131123,0.0008334327147014515,0.008256192830011255,0.8854766123182547,0.8091699502940548,0.4468088130829538,0.18855768093143807,0.5278984063055093,0.2333574225585362,1.703874432432248,0.024390243902439025,0.658614943284558,False
Chesterfield,East Midlands,1872.0,267428.5714,87.5,243.0,90.0,53.75,1222.75,111.75,63.25,269300.5714,0.00032491576065033184,0.0009023374838632072,0.00033419906809748417,0.00019959111011377527,0.004540465672402208,0.0004149638428877095,0.00023486767841295414,0.07021905709166475,0.4494935146612969,0.1948714393367256,0.03593561640744402,0.30866249953682373,0.11618801508883536,0.048470892152358606,0.0069513406164276705,0.18770852903944635,False
Chichester and Bognor Regis,South East,3301.0,91694.44444,157.75,226.5,168.5,204.0,672.75,473.0,1398.5,94995.44444,0.0016606059472634642,0.0023843248624733733,0.0017737692685508319,0.0021474713993137667,0.0070819185484722385,0.004979186136644175,0.014721758587942661,0.3588812792099075,1.1877358324282399,1.0342846626757356,0.3866440163978548,0.48143138576601935,1.394149788927714,3.0382076309137243,0.03474903475066051,0.9383355756114757,False
Cinderford and Ross-on-Wye,South West,675.0,27000.0,40.5,49.5,61.5,121.25,242.25,95.75,64.25,27675.0,0.0014634146341463415,0.0017886178861788618,0.0022222222222222222,0.004381210478771455,0.00875338753387534,0.0034598012646793134,0.0023215898825654922,0.3162653468647449,0.8909882991921423,1.2957775299486578,0.7888201988337904,0.5950584522734607,0.9687288385116261,0.47911885356138595,0.024390243902439025,0.658614943284558,False
Clacton,East of England,434.25,22855.26316,86.5,26.25,41.0,100.0,122.0,35.75,22.75,23289.51316,0.00371411799833432,0.0011271167335985654,0.0017604489934301402,0.00429377803275644,0.0052384091999628565,0.0015350256467104272,0.00097683450245209,0.8026753249771937,0.5614658274526301,1.0265176117383785,0.7730783211531207,0.35610895311576723,0.4298002972032502,0.2015945324575859,0.018645731107244837,0.5034946425635842,False
Colchester,East of England,6370.0,107966.1017,906.5,175.5,185.25,209.75,1303.5,204.0,3385.5,114336.1017,0.00792837945777191,0.0015349482568549038,0.0016202231600135094,0.0018345036858992368,0.011400598591512063,0.0017842133583954437,0.029610070219842032,1.7134389808464932,0.7646244328042754,0.9447519439115615,0.3302953759660824,0.7750168179578713,0.4995717389841326,6.11078769947329,0.0557129367302891,1.5044282792582564,True
Colwyn Bay,Wales,268.5,29833.33333,15.25,29.75,34.75,25.0,94.5,43.75,25.5,30101.83333,0.0005066136614609978,0.000988311896948504,0.001154414736771782,0.0008305141991163898,0.0031393436726599535,0.001453399848453682,0.0008471244830987176,0.10948663600172695,0.4923211061110063,0.6731391042677113,0.149530906779211,0.21341371894915556,0.40694543974508046,0.17482558578241456,0.008919722498510026,0.24086116362627727,False
Corby,East Midlands,329.0,20562.5,92.0,9.75,24.75,13.0,104.0,32.0,53.5,20891.5,0.0044037048560419305,0.00046669698202618287,0.0011846923389895413,0.0006222626427015772,0.004978101141612618,0.0015317234281884977,0.0025608501065026447,0.9517051499204761,0.23248204855088445,0.6907939707442347,0.11203601012118901,0.33841311710750754,0.4288756908260232,0.5284962586993389,0.015748031496062992,0.4252474436955414,False
Coventry,West Midlands,4664.0,291500.0,528.5,226.5,249.75,144.25,2705.0,585.5,224.5,296164.0,0.0017844842722275496,0.0007647789738118069,0.0008432827757593765,0.0004870612228359963,0.009133453086803257,0.0019769452060344945,0.0007580259585905106,0.38565320050933066,0.38096964276155787,0.49171809249977977,0.08769351130317189,0.6208954461015651,0.5535357920104219,0.15643784932777013,0.015748031496062992,0.4252474436955414,False
Crawley,South East,11517.75,311290.5405,780.75,429.0,538.0,856.75,6568.75,942.0,1402.5,322808.2905,0.0024186181798202607,0.0013289621506793364,0.0016666238626235036,0.0026540520340198634,0.020348764865442636,0.0029181406665266547,0.0043446839541439845,0.5226988303423923,0.6620138015359779,0.9718081884286986,0.47785192319220354,1.3833163994678126,0.8170663001245914,0.896635538786766,0.03567984571325624,0.9634704619943596,False
Crewe,North West,3161.5,112910.7143,382.25,121.75,198.75,266.5,1936.25,156.0,100.0,116072.2143,0.0032932084763373035,0.0010489159764396775,0.001712296101169494,0.0022959844576687805,0.01668142553906633,0.001343990902050018,0.0008615326295192422,0.7117106093956024,0.5225106318488398,0.9984396656313559,0.41338322484005374,1.1340093449052537,0.3763114254002634,0.17779907160210545,0.027237354082250843,0.7354960649782256,False
Cromer and Sheringham,East of England,271.0,12318.18182,38.0,33.5,17.5,38.25,45.25,61.5,37.0,12589.18182,0.0030184646264803886,0.002661014868081395,0.0013900823937738633,0.003038322946391444,0.0035943559039009892,0.004885146698119577,0.002939031346836168,0.6523344374300681,1.3255671486669633,0.8105568887832364,0.5470384320284535,0.24434561509107275,1.3678191678639449,0.606543532969328,0.021526418783583825,0.5812824645370579,False
Darlington,North East,514.75,85791.66667,67.25,59.25,56.0,23.25,190.5,92.5,26.0,86306.41667,0.0007792004649797494,0.0006865074728631993,0.0006488509448158509,0.0002693890083387238,0.0022072518747753497,0.0010717627213476107,0.00030125222437878786,0.16839663864489382,0.3419792066017116,0.37834491356025124,0.04850246116935637,0.1500497812188169,0.3000887556202928,0.062171024030171496,0.005964214711499272,0.1610529582919918,False
Derby,East Midlands,3782.0,180095.2381,218.75,266.0,356.75,480.0,2071.5,244.5,144.5,183877.2381,0.0011896524129921659,0.0014466173341984737,0.0019401531352455093,0.0026104372947942382,0.011265668450346385,0.001329691497035815,0.0007858503939536821,0.25710131924635615,0.7206229615275562,1.1313030767897567,0.4699992561188588,0.7658442181322194,0.3723076561224636,0.16218012606334234,0.020568070518566267,0.5554039825203908,False
Doncaster,Yorkshire and The Humber,735.5,91937.5,106.75,56.0,88.5,37.25,323.75,87.5,35.75,92673.0,0.0011518996903089357,0.0006042752473751794,0.0009549707034411317,0.0004019509457986684,0.003493466273887756,0.0009441800740237178,0.00038576500167254756,0.24894240265778098,0.30101576142288555,0.5568433106752269,0.07236973127007704,0.23748710153231825,0.2643661865184028,0.07961237543868523,0.007936507936507936,0.21431121170370537,False
Dorchester and Weymouth,South West,667.75,66775.0,54.0,52.25,72.5,54.25,183.75,176.5,74.5,67442.75,0.0008006790944912537,0.0007747311608734816,0.0010749858213077016,0.0008043859421509354,0.0027245330298660718,0.0026170344477353014,0.0011046406025851557,0.17303848522352788,0.3859272596409615,0.6268241125187654,0.1448266139919698,0.18521474133823218,0.7327579091842776,0.22797055719552914,0.009900990099009901,0.2673585413333354,False
Dudley,West Midlands,3118.0,207866.6667,227.0,179.25,159.5,124.25,2161.5,172.25,94.25,210984.6667,0.0010759075697324122,0.0008495878056146911,0.0007559791073670474,0.0005889053547984679,0.010244820317077572,0.0008164100391471718,0.000446714927080528,0.23251939183614778,0.423216607520451,0.4408113331965887,0.10603015794773551,0.696446592602866,0.2285911497421159,0.09219093576298047,0.01477832512081789,0.3990622562128176,False
Durham and Bishop Auckland,North East,643.25,80406.25,73.75,66.5,46.75,32.75,281.75,111.5,30.25,81049.5,0.0009099377540885508,0.0008204862460595068,0.0005768080000493526,0.000404074053510509,0.0034762706740942262,0.0013757025027915039,0.00037322870591428696,0.19665088260513067,0.4087198560050635,0.33633668050135895,0.07275198869767939,0.23631813843552257,0.3851905313961078,0.07702519339731326,0.007936507936507936,0.21431121170370537,False
Eastbourne,South East,2512.5,89732.14286,275.0,273.75,175.25,211.25,709.25,599.5,268.5,92244.64286,0.002981202934650291,0.002967652012220062,0.0018998393247180488,0.0022901058907086325,0.007688793386911704,0.006499022397537633,0.0029107381380131018,0.6442816398042692,1.4783164360560785,1.1077960983671158,0.41232481133062976,0.5226869569021022,1.8196971262195394,0.6007045129612375,0.027237354084759472,0.7354960650459667,False
Evesham,West Midlands,715.75,44734.375,96.0,74.25,74.5,64.5,259.0,109.5,38.0,45450.125,0.002112205411976315,0.001633658873325431,0.0016391594082524525,0.0014191380111715864,0.005698554184394433,0.002409234298035484,0.0008360813089072913,0.45647854113332503,0.8137964806524471,0.9557936681478599,0.2555103740322621,0.3873897756770443,0.6745747991552961,0.17254654718132106,0.015748031496062992,0.4252474436955414,False
Exeter,South West,3648.0,182400.0,419.25,290.75,211.0,373.25,1105.25,418.75,829.75,186048.0,0.002253450722394221,0.0015627687478500171,0.0011341159270725834,0.002006202700378397,0.005940671224630203,0.002250763243894049,0.004459870571035432,0.48700372247975576,0.7784830283969774,0.661302870595895,0.3612091271764547,0.40384897969082384,0.6302036146646243,0.9204072136398881,0.0196078431372549,0.5294747583268016,False
Falmouth,South West,437.5,19886.36364,43.0,26.0,91.5,55.75,70.75,100.75,49.75,20323.86364,0.002115739446084967,0.001279284316237422,0.004502096728297081,0.0027430807934706257,0.0034811294374537537,0.00495722672542001,0.0024478613358773745,0.45724229769084823,0.6372671132919558,2.6251721001822266,0.49388121100481935,0.23664843892701737,1.3880012522626877,0.5051781650714207,0.021526418782841235,0.5812824645170056,False
Folkestone and Dover,South East,667.0,47642.85714,76.25,76.5,88.5,69.0,182.5,106.5,67.75,48309.85714,0.0015783528355099582,0.001583527762839499,0.0018319242746574597,0.0014282799429532736,0.003777696950564818,0.0022045190423844005,0.0014024053063055695,0.34110517644829885,0.7888239959123459,1.0681948402508834,0.25715634390307684,0.25680920579167477,0.6172554456256458,0.2894218430358678,0.013806706115214978,0.3728254215657738,False
Gloucester,South West,2394.5,114023.8095,226.0,226.75,156.75,129.5,1153.5,217.75,284.25,116418.3095,0.001941275397062865,0.0019477176826725867,0.0013464376924318764,0.001112367981945314,0.009908235267752277,0.001870410255355924,0.002441626246084599,0.4195380601549229,0.970242822014008,0.7851076682981164,0.20027760294695884,0.6735654191446147,0.5237064835800977,0.5038913964238654,0.02056807052330544,0.5554039826483638,False
Grantham,East Midlands,802.75,24325.75758,48.5,37.25,48.5,35.75,476.0,50.5,106.25,25128.50758,0.0019300788097181534,0.001482380116742293,0.0019300788097181534,0.0014226869576788451,0.018942629142800847,0.0020096696884694177,0.004228265433660903,0.41711831355840057,0.7384379576982417,1.1254287386982755,0.25614934828448555,1.2877267841830424,0.5626985003381257,0.8726096294364339,0.031945788958788614,0.862638933314194,False
Great Yarmouth,East of England,258.25,28694.44444,36.0,21.5,48.75,9.75,66.0,59.5,16.75,28952.69444,0.0012434075893904954,0.0007425906436637681,0.0016837811106329625,0.0003367562221265925,0.0022795805805492417,0.002055076432464847,0.0005785299200636333,0.26871860057777486,0.36991667125027,0.9818125778295845,0.06063167049004766,0.15496671281200777,0.57541218502873,0.11939429704334474,0.00891972249889154,0.2408611636365794,False
Grimsby,Yorkshire and The Humber,574.25,57425.0,82.75,35.75,62.75,101.0,208.25,39.75,44.0,57999.25,0.0014267425871886275,0.0006163872808700112,0.001081910541946663,0.0017414018284719198,0.0035905636710819536,0.0006853536899184041,0.0007586304995323216,0.3083399801363418,0.3070492916736499,0.6308619163510774,0.3135327424328482,0.24408781773168212,0.19189595968479745,0.15656261165773486,0.009900990099009901,0.2673585413333354,False
Guildford and Aldershot,South East,38266.0,425177.7778,3083.75,899.75,825.5,720.25,27054.75,4271.25,1410.75,463443.7778,0.0066539894324156796,0.0019414436941438207,0.0017812300855968037,0.0015541259468820083,0.058377631324409596,0.009216328289649118,0.003044058562393326,1.4380246218494828,0.9671174756716774,1.0386350642631883,0.2798144358442198,3.9685325034289276,2.580530590158384,0.6282185581270371,0.08256880733549035,2.2296230647738406,True
Halifax,Yorkshire and The Humber,1828.5,67722.22222,120.5,72.0,135.5,132.75,1044.5,181.0,142.25,69550.72222,0.0017325485078190754,0.001035215705916792,0.0019482184465517403,0.0019086789577840851,0.015017816733751238,0.002602417260707491,0.0020452699189814397,0.3744291207700206,0.5156859317125038,1.1360059589129514,0.34365035012225753,1.0209166162846777,0.7286651623677721,0.4220932328164263,0.02629016553151186,0.7099189310996113,False
Harrogate,Yorkshire and The Humber,2487.0,75363.63636,495.0,292.75,177.0,98.75,1049.75,191.0,182.75,77850.63636,0.006358329528753,0.003760405999075638,0.0022735844981601637,0.0012684546282108258,0.013484154389512044,0.0024534160403875214,0.0023474438815749713,1.3741281841591353,1.8732216485580213,1.3257268673199911,0.22838040694120704,0.9166576951137302,0.686945488879313,0.4844544808650811,0.03194578896567416,0.8626389335001259,False
Hartlepool,North East,177.5,25357.14286,44.25,16.5,12.5,9.75,50.0,33.25,11.25,25534.64286,0.0017329398434358992,0.0006461809585693183,0.0004895310292191805,0.00038183420279096084,0.001958124116876722,0.0013021525377230202,0.0004405779262972625,0.3745136941313274,0.3218908173148231,0.2854454885436843,0.06874778859096661,0.133113986081242,0.3645968710142977,0.09092441026609374,0.0069513406149123635,0.1877085289985282,False
Hastings,South East,1141.5,42277.77778,105.5,93.5,98.25,89.75,382.0,277.75,94.75,43419.27778,0.002429796288518551,0.002153421355227342,0.0022628197663217787,0.002067054188573839,0.00879793537643684,0.0063969281434694564,0.0021822104107785093,0.5251145834326427,1.0727127608217264,1.319449953385545,0.37216520501161965,0.5980868307319924,1.7911111929256678,0.4503543705516755,0.026290165529326316,0.7099189310405947,False
Haverfordwest and Milford Haven,Wales,280.5,35062.5,20.5,36.25,18.25,15.25,85.75,67.75,36.75,35343.0,0.0005800299917946977,0.0010256627903686727,0.0005163681634269869,0.00043148572560337264,0.0024262230144583086,0.0019169283875166228,0.0010398098633392751,0.12535298080705187,0.5109272093256173,0.3010942185072957,0.0776873554725536,0.16493551853685953,0.5367313519729188,0.21459109267585327,0.007936507936507936,0.21431121170370537,False
Hereford,West Midlands,1067.0,59277.77778,117.75,112.25,96.0,51.75,442.5,167.0,79.75,60344.77778,0.0019512873248002207,0.001860144392431633,0.001590858455888078,0.0008575721363771671,0.00733286319510911,0.0027674308555553024,0.0013215725193445231,0.42170178445066,0.9266187603687671,0.9276293882108654,0.15440258494977532,0.498490693657525,0.774868228915979,0.2727399508077061,0.017681728879506035,0.4774634853891008,False
Hexham,North East,334.25,12379.62963,47.25,30.0,33.25,28.0,66.25,78.75,50.75,12713.87963,0.0037164108340704814,0.0023596259263939565,0.0026152520684199682,0.002202317531301026,0.00521084058745332,0.0061940180567841355,0.003991700525483109,0.8031708403782843,1.1754322189961564,1.524953189434655,0.39651885280415905,0.35423482886069857,1.7342972786110882,0.8237884709492386,0.026290165529906,0.7099189310562479,False
High Wycombe and Aylesbury,South East,11410.0,203750.0,1280.75,287.0,514.0,1164.5,6449.0,984.5,730.25,215160.0,0.005952546941810745,0.0013338910578174381,0.00238891987358245,0.00541225134783417,0.0299730433166016,0.0045756646216768915,0.0033939858709797362,1.2864326209083086,0.6644691043828231,1.3929789118661673,0.9744551659919709,2.03757833146067,1.2811655743430819,0.7004349182080312,0.05303030303030303,1.4319885509293042,True
Huddersfield,Yorkshire and The Humber,3270.75,130830.0,155.0,446.0,351.0,166.0,851.25,212.25,1089.25,134100.75,0.0011558473759468162,0.003325857610788903,0.002617435025531177,0.0012378752542398159,0.006347839217901466,0.0015827651970626562,0.00812262422096819,0.2497955553722921,1.6567542116682805,1.526226071482751,0.2228747075522133,0.43152840722143854,0.44316715721220756,1.676309168077381,0.024390243902439025,0.658614943284558,False
Hull,Yorkshire and The Humber,2592.0,185142.8571,230.5,244.25,166.0,201.25,1086.5,215.0,448.5,187734.8571,0.0012277954321355488,0.0013010370251588192,0.0008842257775900265,0.0010719905887951375,0.005787417514166047,0.0011452321818184077,0.0023890075978863067,0.2653445846192541,0.6481030829389457,0.5155919523011412,0.19300780765923195,0.3934307369932346,0.3206598750757763,0.4930322060948411,0.013806706117550293,0.3728254216288348,False
Huntingdon,East of England,1930.25,71490.74074,144.75,78.5,94.0,63.75,1208.25,113.0,228.0,73420.99074,0.0019715070382609226,0.0010691765285214675,0.0012802878175925852,0.0008682803018247586,0.016456465485172777,0.001539069397744278,0.0031053789618203133,0.42607156082294895,0.5326032933275939,0.746535683656565,0.15633054920496053,1.1187164790318762,0.43093252935838683,0.6408735751453393,0.0262901655309371,0.709918931084091,False
Ipswich,East of England,4187.5,155092.5926,302.5,233.0,162.0,1027.25,1697.75,513.0,252.0,159280.0926,0.0018991701666049884,0.0014628318969221895,0.0010170762545124235,0.006449330755851155,0.010658896364805352,0.0032207414726226746,0.0015821186181304368,0.410438502855943,0.7287001398757007,0.5930570505786933,1.1611773490055988,0.7245956321753567,0.9017931688076831,0.3265102351665659,0.02629016552944922,0.7099189310439135,False
Isle of Wight,South East,748.0,41555.55556,40.5,74.25,39.0,38.5,290.25,125.25,140.25,42303.55556,0.0009573663363250406,0.0017551716165959076,0.0009219083238685576,0.0009100889863830632,0.006861125410329457,0.002960744040116329,0.003315324164681159,0.20690089423022046,0.8743272587987118,0.537564640833678,0.16385804303938342,0.4664217883333239,0.828995053673396,0.6842010834450587,0.017681728878299514,0.47746348535652083,False
Kendal,North West,720.75,34321.42857,76.5,77.0,35.25,105.5,273.5,123.25,29.75,35042.17857,0.0021830834474855544,0.0021973519667501658,0.0010059306081551082,0.0030106575648330192,0.007804880037742472,0.0035171899987267263,0.0008489768962443822,0.4717963232316963,1.0945965075658746,0.5865580254307398,0.5420573858341495,0.5305785694356082,0.9847974266831365,0.1752078781370367,0.020568070519937427,0.5554039825574165,False
Kettering and Wellingborough,East Midlands,1455.25,72762.5,171.75,123.25,160.75,58.5,641.75,134.25,165.0,74217.75,0.002314136443101549,0.0016606539540743287,0.002165923919817025,0.0007882211465586063,0.008646853347076676,0.0018088664773588529,0.0022231878492678637,0.5001187959944032,0.8272439035306782,1.2629499960947486,0.1419162043380551,0.5878162197017516,0.5064745017361214,0.4588111025086592,0.0196078431372549,0.5294747583268016,False
King's Lynn,East of England,564.75,43442.30769,57.5,104.0,48.5,68.5,164.75,90.5,31.0,44007.05769,0.0013066085991262735,0.002363257292332738,0.001102095948828248,0.0015565685050460824,0.0037437176818444096,0.0020564883168857,0.0007044324621376431,0.2823772649097383,1.1772411601828352,0.6426320248525903,0.2802542091045969,0.25449928280747,0.5758075063349243,0.14537747437882836,0.012833168806201094,0.34653678656374903,False
Kingsbridge and Dartmouth,South West,293.0,10464.28571,13.75,49.5,22.0,48.25,79.25,35.75,44.5,10757.28571,0.0012782034772226942,0.0046015325180017,0.002045125563556311,0.004485332201890546,0.007367100041447166,0.003323329040779005,0.004136731253557084,0.27623850182649823,2.2922233214667065,1.1925124880309341,0.8075669170596514,0.500818126861391,0.9305172278339537,0.8537192337802638,0.027237354096454502,0.73549606536177,False
Lancaster and Morecambe,North West,915.25,43583.33333,104.25,55.25,21.0,112.25,382.0,73.25,167.25,44498.58333,0.002342771211993099,0.0012416125607925055,0.00047192513622882563,0.0025225522162707465,0.008584542954257686,0.0016461198204172133,0.0037585466206795756,0.5063071891569197,0.6185011747587369,0.2751794943044722,0.45417588368529704,0.5835803366487132,0.4609061676354812,0.7756712593729264,0.02056807052063965,0.5554039825763788,False
Launceston,South West,168.25,8011.904762,24.75,22.0,10.75,4.25,40.0,35.75,30.75,8180.154762,0.00302561512833148,0.0026894356696279824,0.001314156065840946,0.0005195500725417694,0.004889883035687241,0.004370332963145472,0.0037590975836845663,0.653879765661333,1.3397247850337612,0.766284255433092,0.09354300449893714,0.3324160183418814,1.2236736307712175,0.7757849645390663,0.020568070518859456,0.5554039825283078,False
Leamington Spa,West Midlands,6874.5,152766.6667,415.25,301.25,472.5,284.5,3796.5,1332.75,271.75,159641.1667,0.002601146111518615,0.0018870445902347567,0.0029597628842686226,0.0017821217789934882,0.02378145987328217,0.00834841054816721,0.0017022551614814777,0.5621457910903,0.9400189179282675,1.72583740773509,0.3208642138658145,1.6166722483419564,2.3375175147506164,0.35130345267385954,0.04306220094794634,1.1628177704366367,True
Leeds,Yorkshire and The Humber,12380.5,619025.0,2985.25,750.0,626.5,782.25,5431.5,1258.5,546.5,631405.5,0.004727944245021622,0.0011878262067720347,0.000992230824723573,0.0012389027336632322,0.008602237389443075,0.0019931723749634744,0.0008655293626678893,1.0217780331827742,0.5917078543638332,0.578569683239654,0.22305970129469704,0.5847832107559686,0.5580793265392353,0.17862389868226766,0.0196078431372549,0.5294747583268016,False
Leicester,East Midlands,11251.75,450070.0,780.75,892.25,940.0,574.0,3612.75,669.25,3782.75,461321.75,0.001692419661548583,0.001934116481609636,0.002037623415761342,0.0012442508943053302,0.00783130212265084,0.00145072284148753,0.008199808485075764,0.36575668905525743,0.9634674726810443,1.1881379864883506,0.22402261717411806,0.5323747523294382,0.40619588979968835,1.6922380952362701,0.024390243902439025,0.658614943284558,False
Lincoln,East Midlands,2449.25,128907.8947,191.75,355.0,159.75,303.0,979.5,265.5,194.75,131357.1447,0.0014597607190528403,0.0027025556988983486,0.0012161500645042568,0.0023066883852569,0.007456769879073049,0.0020212071494577787,0.00148259921791677,0.3154756822696969,1.346260441785986,0.7091369669836021,0.4153104260848409,0.5069139148733777,0.5659289376747234,0.3059718871596398,0.018645731114159944,0.5034946427503144,False
Liskeard,South West,337.75,13510.0,104.75,29.25,17.0,13.25,60.75,35.75,77.0,13847.75,0.007564405769890415,0.0021122565037641496,0.001227636258597967,0.0009568341427307686,0.004386994277048618,0.0025816468379339604,0.005560470112473145,1.634778933337381,1.0522067593581925,0.7158345654786685,0.17227432974904483,0.2982294585416739,0.7228495371368637,1.1475437955503447,0.024390243902439025,0.658614943284558,False
Liverpool,North West,5046.25,360446.4286,663.75,492.75,323.5,622.75,1630.5,981.0,332.0,365492.6786,0.0018160418494358318,0.0013481802204286344,0.0008851066490282359,0.0017038644997908311,0.004461101673077399,0.0026840482927255006,0.0009083629288326872,0.39247325537902267,0.671587157260528,0.5161055883385235,0.30677428989618555,0.30326730614207353,0.7515214852556249,0.1874636895811431,0.01380670611331912,0.37282542151457954,False
Llandrindod Wells and Builth Wells,Wales,135.5,16937.5,7.0,30.0,8.0,26.25,31.75,29.5,3.0,17073.0,0.0004100041000410004,0.0017571604287471446,0.0004685761143325719,0.0015375153751537515,0.0018596614537573948,0.001727874421601359,0.00017571604287471446,0.0886078940922136,0.8753179725614088,0.27322668001025996,0.276823765901081,0.12642045861021842,0.48379708933570187,0.036263454474329,0.007936507936507936,0.21431121170370537,False
Llanelli,Wales,818.5,54566.66667,13.75,49.25,45.25,426.75,163.5,85.25,34.75,55385.16667,0.0002482614177533539,0.000889227259952922,0.0008170057566064917,0.007705131638272273,0.002952053949285335,0.001539220790070794,0.0006274243103221124,0.05365293032258016,0.4429627423850517,0.4763959655622274,1.3872794973883107,0.20068169577678674,0.4309749185308872,0.12948489245046213,0.014778325122263283,0.3990622562518478,False
London,London,409073.0,6015779.412,63168.25,21245.5,16537.0,94059.5,109948.0,46477.75,57637.0,6424852.412,0.009831860087870296,0.0033067685664372273,0.0025739112651230814,0.014639947187630434,0.017112922282019265,0.0072340572233521375,0.008970945370254522,2.1248090380275593,1.6472451291014958,1.500847371642695,2.6358665276225466,1.163342649643441,2.0255035811584707,1.8513817162264958,0.06367041198268696,1.7193056758521543,True
Lowestoft,East of England,559.5,29447.36842,30.5,46.5,64.5,80.25,157.75,103.5,76.5,30006.86842,0.0010164339568227427,0.0015496452128609028,0.0021495078759038327,0.0026743877060663966,0.005257129727501235,0.003449210312496848,0.002549416317932453,0.21966627257842739,0.7719456252938921,1.2533778027197344,0.4815132832078637,0.35738158135250636,0.9657634193960276,0.5261366069310602,0.01864573110958441,0.5034946426267602,False
Ludlow,West Midlands,379.5,16500.0,23.0,23.75,30.75,15.25,157.0,95.0,34.75,16879.5,0.0013625996030688112,0.0014070321988210552,0.0018217364258419977,0.0009034627802956248,0.009301223377469713,0.005628128795284221,0.0020587102698539647,0.29447774133658616,0.7009038852979396,1.062254306742768,0.16266501996305943,0.6323005311746409,1.5758508231411017,0.4248669895207719,0.022482893450635387,0.6071103533893825,False
Luton,East of England,17511.5,547234.375,775.5,655.75,671.0,830.0,12755.0,939.75,884.5,564745.875,0.001373184000679952,0.0011611417259134473,0.001188145021864923,0.001469687582932766,0.022585379663021002,0.0016640227783868275,0.0015661911651855803,0.29676518476084474,0.578415154789073,0.6928072297438157,0.26461163119414083,1.535362282804783,0.46591891558053816,0.32322320197762916,0.031007751937984496,0.8373089201447095,False
Malton,Yorkshire and The Humber,280.5,20035.71429,10.75,33.5,38.25,16.5,109.5,61.0,11.0,20316.21429,0.0005291340131852882,0.0016489292503913632,0.001882732651566258,0.0008121591830285819,0.00538978366918968,0.0030025278887723327,0.0005414394553523879,0.11435361401561943,0.8214033190918549,1.097821199160096,0.14622615629754912,0.3663994443139732,0.8406943439159608,0.1117397405413698,0.013806706111485892,0.3728254214650765,False
Manchester,North West,41040.25,1172578.571,7698.5,2577.25,1924.5,11953.5,12553.5,2953.0,1380.0,1213618.821,0.006343425025047465,0.002123607474937141,0.0015857532585183927,0.00984946821288626,0.010343857381559182,0.0024332186918185573,0.0011370950879477173,1.3709071025023787,1.0578611713920612,0.9246525481939493,1.7733591005823328,0.7031791680863648,0.6812903218557121,0.2346683619786255,0.03381642513271471,0.9131521197556455,False
Mansfield,East Midlands,1128.75,125416.6667,66.75,54.0,152.5,83.0,621.75,106.5,44.25,126545.4167,0.0005274786060268273,0.0004267242655497929,0.0012051009351174708,0.0006558910007524595,0.0049132557797330325,0.0008415950792787582,0.00034967682871441365,0.11399585627085121,0.21256990133229908,0.7026942208704003,0.11809066743854055,0.33400490594036236,0.2356428480357755,0.07216466721740408,0.008919722495172755,0.24086116353616022,False
Margate and Ramsgate,South East,761.75,38087.5,54.0,34.5,91.0,97.75,304.5,113.5,66.5,38849.25,0.0013899882237108825,0.000888048031815286,0.00234238756217945,0.0025161360901433103,0.007837989150369698,0.0029215493220589844,0.0017117447569772904,0.3003968236017191,0.44237531760258103,1.3658459262765057,0.4530206847027076,0.532829338893702,0.8180207083874098,0.3532618709754119,0.0196078431372549,0.5294747583268016,False
Medway,South East,4835.75,219806.8182,609.75,448.25,334.0,287.5,2059.5,337.0,759.75,224642.5682,0.0027143119173082884,0.0019953920736915792,0.001486806363888427,0.0012798108671195293,0.009167897324635375,0.0015001609120670657,0.003382039326240217,0.586602580018188,0.9939915080230585,0.8669566249700811,0.2304250543457023,0.6232369778542494,0.42003832785521883,0.6979694462215263,0.02152641878495048,0.581282464573962,False
Merthyr Tydfil,Wales,428.25,42825.0,19.25,37.0,54.5,37.0,170.0,51.75,58.75,43253.25,0.0004450532618936149,0.0008554270488344807,0.0012600209232832215,0.0008554270488344807,0.003930340494644911,0.0011964418858698479,0.0013582794356493443,0.09618253156814802,0.4261253883311385,0.734718059845002,0.15401637013765057,0.2671859691576653,0.33499836255848836,0.2803153523847947,0.009900990099009901,0.2673585413333354,False
Middlesbrough and Stockton,North East,1766.0,135846.1538,228.5,228.25,169.5,78.25,807.5,217.75,36.25,137612.1538,0.001660463801272181,0.0016586471012707891,0.0012317226009436965,0.0005686271004356593,0.005867941004495782,0.00158234570121233,0.000263421500201823,0.35885055937822774,0.8262442029350554,0.7182173112447418,0.10237913576654183,0.3989047530061022,0.4430497002553599,0.0543636962445099,0.012833168809832261,0.34653678666180215,False
Milton Keynes,South East,9071.75,266816.1765,576.75,247.5,285.5,300.0,6866.75,471.25,324.0,275887.9265,0.00209052279785067,0.0008971034113013279,0.0010348405007132488,0.0010873980743046398,0.024889635755771283,0.001708121141720205,0.001174389920249011,0.4517926104904477,0.44688619565493265,0.6034153805572706,0.19578186652767104,1.6920064458659179,0.4782662595532464,0.24236509490727443,0.032882011601910385,0.8879199524572499,False
Minehead,South West,121.75,6763.888889,7.0,16.75,12.75,11.0,22.5,18.0,33.75,6885.638889,0.0010166086419638844,0.0024325992504135806,0.0018516800264342182,0.001597527865943247,0.0032676706348839144,0.0026141365079071313,0.004901505952325871,0.21970402459721017,1.2117834029785244,1.0797144169086885,0.2876287854605054,0.22213743228075733,0.7319464990283016,1.0115498565179641,0.017681728879871846,0.4774634853989788,False
Newbury,South East,5623.75,74983.33333,265.0,80.25,118.0,154.5,3594.25,342.0,1069.75,80607.08333,0.003287552272733995,0.0009955700750449174,0.0014638912006890996,0.001916705004292084,0.04458975379726099,0.004242803310471797,0.013271166202857326,0.7104882209126682,0.49593672004807415,0.8535947958641235,0.3450954091151923,3.0312275995057827,1.1879658999337324,2.7388411641030834,0.06976744186335021,1.883945070403503,True
Newcastle,North East,10510.75,500511.9048,1024.5,770.0,530.5,489.75,5879.75,1338.75,477.5,511022.6548,0.002004803486453963,0.0015067825130010263,0.0010381144456455122,0.0009583723840808476,0.011505849975088031,0.002619746869194966,0.0009344008441012858,0.4332674111933252,0.7505938517585605,0.6053244174821529,0.17255128422395608,0.7821718451022742,0.7335173750290358,0.19283727266155934,0.020568070517565634,0.5554039824933705,False
Newport,Wales,1541.75,128479.1667,67.75,105.5,95.5,64.5,1045.75,87.75,75.0,130020.9167,0.0005210700071921582,0.0008114079078785637,0.0007344972057099794,0.0004960740289873683,0.008042936679279696,0.0006748914115293266,0.0005768302662643817,0.11261086415305273,0.40419754122903834,0.42828523873608076,0.08931623259785144,0.5467617460764628,0.18896656865430547,0.119043530447632,0.011857707506841474,0.3201961976412343,False
Newtown and Welshpool,Wales,180.5,16409.09091,28.25,20.75,18.25,17.0,60.0,25.5,10.75,16589.59091,0.0017028750228537132,0.001250784308821754,0.001100087404144434,0.0010247389518057743,0.003616725712255674,0.0015371084277086614,0.0006479966901124749,0.36801624584292897,0.6230700210396254,0.6414608426714575,0.18450033104614225,0.2458663227583248,0.43038346654245224,0.1337305239007921,0.010880316517702486,0.2938035008952112,False
Northallerton,Yorkshire and The Humber,593.0,59300.0,63.75,79.0,52.5,54.75,227.75,90.25,25.0,59893.0,0.001064398176748535,0.0013190189170687726,0.0008765632043811464,0.000914130198854624,0.003802614662815354,0.001506853889436161,0.0004174110497053078,0.23003204335724456,0.6570606447596734,0.5111239067175971,0.164585647896715,0.25850312088781524,0.42191233150367674,0.08614333870961813,0.009900990099009901,0.2673585413333354,False
Northampton,East Midlands,4118.0,196095.2381,369.0,229.5,280.0,695.5,1649.25,731.0,163.75,200213.2381,0.0018430349736199589,0.0011462778494465598,0.0013985089230720553,0.0034737962714164804,0.008237467290630669,0.0036511072241631162,0.0008178779862608895,0.398306865064111,0.5710108119638275,0.8154703970772594,0.6254437395336491,0.5599860074338338,1.0222936492488908,0.16878983065578462,0.02056807051860973,0.5554039825215644,False
Norwich,East of England,6469.75,208701.6129,872.5,468.0,274.5,424.25,1338.25,586.25,2506.0,215171.3629,0.004054907624512704,0.0021750106226612557,0.0012757273844455441,0.0019716843091111915,0.006219461465334242,0.002724572601570857,0.011646531240147664,0.8763249570201894,1.0834673131609305,0.7438764955971191,0.3549942227807967,0.42280124114392154,0.7628681099996584,2.4035566047436894,0.030067895247783458,0.8119297700555023,False
Nottingham,East Midlands,8353.5,397785.7143,825.0,520.0,586.25,1692.75,3762.0,634.75,332.75,406139.2143,0.002031323179225444,0.001280349155390583,0.0014434705622071717,0.0041679058322834795,0.009262833697268026,0.0015628877430464857,0.0008193003489542625,0.43899870541262315,0.6377975559501219,0.8416875238426843,0.7504155126243304,0.6296907868218766,0.4376015592288107,0.16908337121095118,0.020568070518375454,0.5554039825152383,False
Oswestry,West Midlands,274.75,18316.66667,49.75,34.25,32.25,6.0,93.0,30.5,29.0,18591.41667,0.0026759660591265744,0.0018422479904539734,0.0017346714654639605,0.00032272957497003914,0.005002308412035607,0.001640542006097699,0.0015598596123551892,0.5783154781567661,0.9177037847985523,1.0114867380560892,0.058106226288584306,0.34005873611111304,0.45934440463991866,0.32191652573987434,0.014778325120503042,0.3990622562043157,False
Oxford,South East,17941.25,309331.8966,4252.25,665.25,644.75,588.0,5104.75,932.0,5754.25,327273.1466,0.01299296946350807,0.002032705728872654,0.001970066920241479,0.0017966643646405423,0.015597827237072802,0.00284777412898807,0.017582408027606872,2.8079710960226025,1.0125790612524705,1.1487458014848284,0.32348255082023614,1.0603459401976425,0.797363985174962,3.6285750727542077,0.05482041587093049,1.4803273486764197,True
Pembroke and Tenby,Wales,160.0,8888.888889,21.25,40.75,11.75,7.5,34.0,23.75,21.0,9048.888889,0.0023483546168670388,0.004503315324109734,0.0012985019646205979,0.0008288310412471902,0.0037573673869872623,0.0026246316306161024,0.0023207269154921326,0.5075138447676674,2.2432970688481655,0.757156350757301,0.1492278606389984,0.2554271947027062,0.7348850863210722,0.47894075845597806,0.01768172887994006,0.4774634854008208,False
Penrith,North West,363.5,20194.44444,8.5,55.0,83.5,55.25,58.25,65.5,37.5,20557.94444,0.00041346546221135715,0.0026753647554852524,0.004061690128782156,0.0026875255043738214,0.0028334544910366536,0.0031861162088051643,0.0018241123332853992,0.08935594517895908,1.3327154512028818,2.3683710611205844,0.4838786935718066,0.19261926168566335,0.8920982502169749,0.37645176542770814,0.017681728883979803,0.47746348550990686,False
Penzance,South West,1344.75,16399.39024,33.0,46.0,29.75,978.75,59.5,151.0,46.75,17744.14024,0.0018597688901043085,0.0025924051195393392,0.0016766098327455508,0.05515905458150279,0.0033532196654911016,0.008509851588053048,0.0026346725943144373,0.4019233096300188,1.2913896512630412,0.977631006493198,9.931176923201788,0.22795308634035433,2.3827202819307174,0.5437313982013899,0.07578558227175057,2.0464541957575446,True
Peterborough,East of England,18654.0,175981.1321,361.0,315.0,215.0,1709.25,1497.0,225.5,14331.25,194635.1321,0.0018547525110447418,0.0016184128558977664,0.0011046309968826024,0.00878181642521669,0.007691314429457004,0.0011585780920791947,0.07363136267011068,0.40083919660677825,0.8062017768074862,0.6441102110903679,1.5811324774800064,0.5228583382866594,0.3243966700985999,15.195695989888454,0.09584086798068868,2.5880113410072076,True
Plymouth,South West,2410.0,100416.6667,178.25,230.5,158.5,376.25,640.75,695.25,130.5,102826.6667,0.0017334997401019516,0.0022416364100617103,0.0015414289414090285,0.003659070278896826,0.006231360215822303,0.006761378369177458,0.0012691260369329855,0.37463469600541405,1.1166565133008715,0.8988070438306645,0.6588016163413302,0.4236101225080805,1.8931556217342502,0.2619162912479154,0.02343749999240226,0.6328877968573416,False
Poole,South West,2231.0,79678.57143,226.5,121.0,151.0,139.5,1253.0,252.75,87.25,81909.57143,0.002765244598960784,0.0014772388365309264,0.0018434963993071891,0.0017030976669096217,0.015297357538621907,0.0030857199663900134,0.0010651990784076308,0.5976098788750663,0.735876862594255,1.0749425448435814,0.3066362245672636,1.0399199013614406,0.8639877525711583,0.21983080004524086,0.027237354085128073,0.7354960650559201,False
Portsmouth,South East,4222.5,183586.9565,405.75,245.5,266.25,178.25,2376.5,479.0,271.25,187809.4565,0.0021604343442631706,0.0013071759248714935,0.0014176602443871085,0.0009491002387305242,0.012653782425487186,0.002550457303517089,0.0014442829719812326,0.4669015201323812,0.6511611356712663,0.8266375304002521,0.17088186989787035,0.8602087085000704,0.7141166073706869,0.29806435966597067,0.022482893453237802,0.607110353459656,False
Preston,North West,2628.75,187767.8571,374.5,269.0,164.5,145.75,1126.75,378.0,170.25,190396.6071,0.001966946815408876,0.001412840302656843,0.0008639859843384783,0.0007655073387071927,0.005917910078136051,0.001985329495926716,0.0008941861023320726,0.42508602984052557,0.7037971542281947,0.5037901311133679,0.13782667006152596,0.4023016687152314,0.5558833555806055,0.1845379424838103,0.01380670611750623,0.372825421627645,False
Pwllheli and Porthmadog,Wales,110.25,9187.5,14.25,10.5,14.75,19.0,13.5,30.25,8.0,9297.75,0.0015326288618214084,0.001129305477131564,0.0015864053131133876,0.002043505149095211,0.0014519641848834395,0.003253475303164744,0.0008604232206716679,0.3312235557092257,0.5625561357252373,0.9250327611555716,0.36792529047341543,0.09870505073259574,0.910958494563466,0.17757011699682726,0.011857707509881422,0.32019619772332264,False
Reading,South East,31141.0,338489.1304,3950.25,563.25,696.75,576.5,24339.25,623.25,391.75,369630.1304,0.010687034619513258,0.0015238205808343376,0.0018849924362118503,0.0015596672256564504,0.06584758113106463,0.0016861450102174894,0.0010598432535141621,2.309624785778863,0.7590812537898316,1.0991388793349224,0.28081212190514476,4.476342394548949,0.4721130412852088,0.21872548997212898,0.08424908425701218,2.2749959398380293,True
Redruth and Truro,South West,1091.0,60611.11111,149.75,102.5,110.25,219.25,249.25,206.25,53.75,61702.11111,0.0024269834095794847,0.0016612073421161748,0.0017868108240810564,0.003553363022038745,0.004039570048999576,0.0033426733103557177,0.0008711209233048234,0.5245066790748518,0.8275195701635616,1.0418891922509748,0.6397694288267171,0.2746114337912448,0.9359335365653865,0.17977785879473437,0.01768172888047558,0.47746348541528155,False
Rhyl,Wales,581.5,58150.0,172.0,32.75,69.5,20.25,193.25,45.25,48.5,58731.5,0.002928581766173178,0.0005576224002451836,0.001183351353192069,0.0003447894230523654,0.003290397827400969,0.0007704553774380017,0.0008257919515081345,0.6329094342020269,0.2777759508193874,0.6900120420752794,0.06207801760855379,0.22368243505269927,0.21572405054882007,0.17042307776151142,0.009900990099009901,0.2673585413333354,False
Salisbury,South West,1467.5,41928.57143,198.5,92.5,104.75,91.75,613.75,256.75,109.5,43396.07143,0.004574146770870498,0.002131529351665094,0.0024138129685072275,0.0021142466812461872,0.014142985292804878,0.005916434173405543,0.0025232698811603,0.9885401453180673,1.0618074024606365,1.4074940727406497,0.38066203291651934,0.9614452583406713,1.6565750360996199,0.5207406276906847,0.03381642511965973,0.9131521194031191,False
Scarborough,Yorkshire and The Humber,383.75,22573.52941,38.75,13.25,33.25,55.5,94.5,139.25,9.25,22957.27941,0.0016879177757936257,0.0005771589814004011,0.00144834234955195,0.002417533846620548,0.004116341414516068,0.006065614200755159,0.0004029223077700913,0.3647837655743688,0.2875079709171534,0.8445282625001076,0.43526772767908306,0.27983037900147,1.6983447747545135,0.0831532199648394,0.016715830876407843,0.45138113618940423,False
Scunthorpe,Yorkshire and The Humber,394.5,43833.33333,32.0,27.5,27.5,49.75,154.5,91.75,11.5,44227.83333,0.0007235262862920805,0.0006217804022822567,0.0006217804022822567,0.001124857273219719,0.003493275351003951,0.0020744855239780745,0.0002600172591362164,0.15636463279828244,0.3097358398243559,0.36256008322790345,0.202526252098627,0.23747412252558503,0.5808466436116908,0.05366114490723511,0.008919722498194555,0.24086116361775853,False
Sheffield,Yorkshire and The Humber,6420.75,321037.5,620.5,727.5,502.75,497.0,2954.5,719.75,398.75,327458.25,0.0018948980518890576,0.002221657264704737,0.0015353102265708682,0.0015177507361625489,0.009022524245457245,0.002197990125458742,0.001217712487011703,0.40951523626358177,1.1067040327411741,0.8952392218909112,0.27326521820416905,0.6133544633233672,0.6154273781656154,0.2513058034607336,0.0196078431372549,0.5294747583268016,False
Shrewsbury,West Midlands,952.75,63516.66667,157.5,103.25,49.75,55.0,439.75,66.0,81.5,64469.41667,0.002443018847311683,0.0016015345776821033,0.0007716837311349602,0.0008531176927120162,0.006821063734001985,0.0010237412312544196,0.0012641653082914423,0.5279721721471281,0.7977939729289323,0.4499686975642303,0.15360057939567934,0.46369838107885814,0.28664295374823456,0.2608925192899937,0.01477832512238861,0.39906225625523206,False
Sidmouth,South West,325.25,13010.0,30.75,13.5,24.25,27.25,95.25,60.0,74.25,13335.25,0.0023059185242121443,0.001012354474044356,0.001818488592264862,0.0020434562531636076,0.007142723233535179,0.004499353217974916,0.005567949607243959,0.4983427832995595,0.5042977586092063,1.0603604953461487,0.3679164869478426,0.4855649102609082,1.2597987235276613,1.1490873786727223,0.024390243902439025,0.658614943284558,False
Skegness and Louth,East Midlands,543.25,27162.5,27.75,43.0,22.25,43.75,89.5,44.25,272.75,27705.75,0.001001597141387618,0.0015520243992673001,0.0008030823926441262,0.0015790945922777764,0.0032303763659168225,0.0015971413876180937,0.009844526858143165,0.2164598193487895,0.7731308014380409,0.4682772535885488,0.2843099450011373,0.21960215438013378,0.4471924260972057,2.031667374823153,0.0196078431372549,0.5294747583268016,False
Skipton,Yorkshire and The Humber,646.5,24865.38462,31.0,142.75,59.25,16.5,292.5,37.75,66.75,25511.88462,0.001215119951416588,0.00559543138918445,0.0023224470039171882,0.0006467573934959259,0.011465244702882323,0.001479702521483103,0.0026164276373244273,0.2626052274933101,2.787327542243549,1.3542185889776137,0.11644619636665794,0.7794114840032867,0.4143100702380703,0.5399660893748928,0.025341130599704005,0.6842919390003159,False
Slough and Heathrow,London,65398.75,990890.1515,5116.5,1693.25,1683.75,15538.5,36889.25,3014.75,1462.75,1056288.9015000002,0.004843845270677587,0.0016030178842128067,0.001594024132610845,0.014710464133377054,0.03492344750343852,0.0028540960675804273,0.0013848010690283674,1.0468259432048341,0.7985328723736849,0.9294752939548646,2.648562834142063,2.3741085995594102,0.7991340996298695,0.28578876294475586,0.06191369606092561,1.6718687022078593,True
Southampton,South East,12389.5,326039.4737,824.75,829.5,515.5,609.25,3759.0,735.75,5115.75,338428.9737,0.002436995836919976,0.002451031278235975,0.0015232147365046955,0.0018002300256362478,0.011107205033018722,0.0021740159891044226,0.015116170297330546,0.5266705113421476,1.2209651970593285,0.8881863429822525,0.3241245344522106,0.7550718176767336,0.6087147274992507,3.1196044734190367,0.03660886319675058,0.9885569186796411,False
Southend,East of England,6957.75,217429.6875,332.0,335.25,374.25,325.5,4690.75,485.25,414.75,224387.4375,0.0014795837222393521,0.001494067599038382,0.0016678741206267397,0.0014506159686412925,0.020904690798476632,0.0021625542205320654,0.001848365508430034,0.3197597237384637,0.744260000546688,0.9725372137309529,0.26117785994521875,1.4211084455767813,0.6055054836996887,0.38145702219497146,0.031007751937984496,0.8373089201447095,False
Spalding,East Midlands,260.75,26075.0,15.75,36.25,32.25,22.5,100.0,23.25,30.75,26335.75,0.00059804638181939,0.001376455958155739,0.0012245711627730366,0.0008543519740277,0.0037971198845675553,0.0008828303731619567,0.0011676143645045233,0.1292465866979986,0.6856725310346313,0.7140473084449805,0.15382280702833293,0.2581295838740515,0.2471885454019677,0.24096678742630245,0.009900990099009901,0.2673585413333354,False
St Austell and Newquay,South West,582.0,41571.42857,102.0,84.5,50.0,50.0,171.25,74.75,49.5,42153.42857,0.002419731999512656,0.002004581901557053,0.0011861431370160077,0.0011861431370160077,0.004062540244279826,0.0017732839898389316,0.0011742817056458476,0.5229395430994884,0.9985693606560877,0.6916399309116696,0.21356053760025512,0.27617295597896785,0.49651156480144093,0.2423427620839814,0.01380670611486633,0.37282542155635917,False
Stafford,West Midlands,942.75,72519.23077,84.75,65.25,55.75,46.5,567.25,59.5,63.75,73461.98077,0.00115365797534566,0.0008882145473900213,0.0007588959542834282,0.0006329804820480612,0.007721681256812101,0.0008099427673518202,0.0008677958221626645,0.24932239381958252,0.4424582662468213,0.4425121463082346,0.1139657161248898,0.5249226861995616,0.2267803426421218,0.17909163998443944,0.012833168805393758,0.3465367865419483,False
Stevenage and Welwyn Garden City,East of England,6491.5,175445.9459,1084.0,447.75,371.75,323.5,3382.0,455.75,426.75,181937.4459,0.005958091775102797,0.002461010694005791,0.0020432847023934175,0.0017780836616658254,0.01858880662675061,0.0025049818510176195,0.0023455864068497403,1.2876309406349942,1.2259363777415675,1.1914390820921494,0.3201371662773101,1.263673801498847,0.701383684607077,0.4840711439253592,0.0356798457177858,0.9634704621166722,False
Stoke-on-Trent,West Midlands,2910.5,181906.25,549.0,101.25,184.25,276.25,1341.5,347.0,111.25,184816.75,0.0029705099781269827,0.0005478399549824353,0.0009969334489433452,0.0014947238277915828,0.0072585412307055504,0.0018775354506558523,0.0006019476048572437,0.6419707352083025,0.27290288970669946,0.5813117828977519,0.26911931137597067,0.4934382596213588,0.5257015063108926,0.12422712922254857,0.015748031496062992,0.4252474436955414,False
Street and Wells,South West,615.0,34166.66667,61.0,110.0,45.5,54.25,199.75,114.0,30.5,34781.66667,0.0017537974985141792,0.003162585653058356,0.0013081604292195926,0.0015597297425310529,0.005742968038167333,0.0032775887677150236,0.0008768987492570896,0.3790213390353743,1.5754213540198,0.7627882003878329,0.28082337782943634,0.3904090455292385,0.9177101564998774,0.18097025947114836,0.017681728878462626,0.47746348536092537,False
Sunderland,North East,1223.25,111204.5455,150.0,77.5,108.25,65.5,705.75,71.25,45.0,112427.7955,0.0013341896399631887,0.0006893313139809808,0.0009628401901734346,0.0005825961427839257,0.006277362256026803,0.0006337400789825147,0.00040025689198895664,0.2883379319986431,0.34338588458148744,0.561432007511203,0.1048942084424766,0.4267373578486358,0.17744438008577398,0.0826031439316382,0.010880316513899804,0.29380350079252654,False
Swansea,Wales,1359.25,123568.1818,90.5,108.0,98.5,169.75,666.25,161.0,65.25,124927.4318,0.0007244205591681746,0.0008645018827642305,0.0007884577356692287,0.001358788838881742,0.005333096105478412,0.001288748177083714,0.0005223032208367226,0.1565578982712047,0.4306459574873559,0.4597496177374732,0.2446447362557181,0.362545803218496,0.3608437101476114,0.10779049403082953,0.010880316519882225,0.29380350095407115,False
Swindon,South West,5171.75,178336.2069,464.0,348.75,231.0,222.25,3350.0,343.25,212.5,183507.9569,0.002528500713747525,0.0019004625515505373,0.0012588010018872375,0.0012111191457551452,0.018255339204858206,0.0018704910991246507,0.001157987934636528,0.5464460561087626,0.946702987579899,0.7340067238150532,0.2180573724989988,1.2410045654817066,0.5237291194727945,0.23898012988748416,0.02818270165155983,0.7610234864437556,False
Taunton,South West,768.75,85416.66667,66.5,71.75,61.0,41.0,327.75,108.75,92.0,86185.41667,0.0007715922550403793,0.0008325074330698829,0.000707776354247566,0.0004757185331827902,0.0038028475426990123,0.001261814402039718,0.0010674659768979684,0.16675239298863911,0.41470813167389725,0.4127043132283398,0.08565130339033476,0.2585189521465821,0.35330237392073943,0.22029863194526206,0.008919722497177316,0.2408611635902898,False
Telford,West Midlands,1498.25,78855.26316,80.25,82.75,73.5,51.5,804.0,69.0,337.25,80353.51316,0.0009987117780426863,0.0010298242944926143,0.0009147079836278809,0.0006409178388685152,0.010005785290296821,0.0008587054540180107,0.004197078469095277,0.2158362500487271,0.5130002353811673,0.5333661232423438,0.11539480687861249,0.6801969049790935,0.24043367623069814,0.8661734096626683,0.018645731108441806,0.5034946425959063,False
Thetford and Mildenhall,East of England,417.0,29785.71429,41.25,31.75,41.5,56.5,129.5,61.5,55.0,30202.71429,0.0013657712881010072,0.0010512300217504723,0.001374048689847074,0.0018706927946110766,0.0042876941044625565,0.002036240829532411,0.0018210283841346765,0.2951631889489359,0.5236633583823552,0.801207637811654,0.33681108665106546,0.29147899687401946,0.5701383006765616,0.37581531443667304,0.013806706112439273,0.3728254214908209,False
Torquay and Paignton,South West,828.75,48750.0,60.25,130.0,48.75,94.5,281.75,143.5,70.0,49578.75,0.0012152383833799762,0.002622091117666339,0.0009832841691248771,0.0019060585432266847,0.00568287824924993,0.002894385195270151,0.0014118952172049518,0.26263082237606367,1.306177537029689,0.5733528893578133,0.34317855449814605,0.38632411993303356,0.8104148747050037,0.29138032642893263,0.01671583087512291,0.4513811361547069,False
Trowbridge,South West,2689.75,89658.33333,222.75,170.75,178.0,121.25,1486.5,267.0,243.5,92348.08333,0.0024120695521532057,0.0018489826084406727,0.0019274899227082855,0.001312967152406627,0.016096706573628463,0.002891234884062428,0.002636762899884649,0.521283575941976,0.9210585906919996,1.1239191589715423,0.2363947167665071,1.0942599380337001,0.8095328016945211,0.544162785681114,0.029126213593284333,0.7865013400672303,False
Tunbridge Wells,South East,5953.25,104442.9825,839.75,373.0,383.75,348.0,1969.0,570.75,1469.0,110396.2325,0.007606690744632069,0.0033787384909172513,0.0034761150023847054,0.003152281487504567,0.01783575358878302,0.005170013387911585,0.013306613520529335,1.6439173360100023,1.6830964761672664,2.026922270223387,0.5675562317313496,1.2124809834591284,1.447580563511172,2.746156615609993,0.05392620622266254,1.456180815368501,True
Tywyn and Dolgellau,Wales,93.0,6200.0,11.75,6.75,0.0,15.0,12.25,25.25,19.25,6293.0,0.0018671539806133799,0.0010726203718417289,0.0,0.002383600826314953,0.001946607341490545,0.004012394724296838,0.0030589543937708566,0.4035193359078628,0.5343188213485952,0.0,0.4291582170873901,0.13233107152274015,1.1234525290800272,0.6312926900855033,0.014778325123152709,0.39906225627586517,False
Wadebridge,South West,205.25,10262.5,16.5,16.75,22.5,54.0,22.5,31.25,41.75,10467.75,0.0015762699720570322,0.0016001528504215328,0.002149459052805044,0.005158701726732106,0.002149459052805044,0.002985359795562561,0.0039884406868715815,0.3406550391344843,0.7971056745330837,1.2533493339762758,0.9288045259460157,0.14612100426691377,0.8358873548081331,0.8231157207145483,0.0196078431372549,0.5294747583268016,False
Wakefield and Castleford,Yorkshire and The Humber,1251.5,156437.5,131.75,130.5,103.75,61.5,553.25,218.0,52.75,157689.0,0.0008355053301118023,0.0008275783345699446,0.0006579406299741897,0.0003900081806593992,0.003508488226826221,0.001382468022499984,0.0003345192118663952,0.18056494507402077,0.41225273350140496,0.3836451079623687,0.07021948205985756,0.2385082993292962,0.38708484657427483,0.06903650919884825,0.007936507936507936,0.21431121170370537,False
Warrington and Wigan,North West,5702.75,300144.7368,420.25,349.75,290.0,205.75,3123.25,246.0,1067.75,305847.4868,0.0013740508525898404,0.0011435438089073093,0.0009481850023820434,0.0006727209111727773,0.010211788995481783,0.0008043224502964919,0.003491119090666989,0.29695252416115164,0.5696488675547882,0.5528865691444349,0.12112082847472813,0.6942011114072408,0.2252066790711363,0.7204808174466405,0.018645731111497234,0.5034946426784127,False
Weston-super-Mare,South West,1140.25,54297.61905,120.25,145.5,56.75,99.5,535.25,124.5,58.5,55437.86905,0.002169094917619313,0.0026245597547909357,0.0010236684954253305,0.001794802031626791,0.009654952637469747,0.0022457573159551302,0.0010552353653283143,0.4687731969440086,1.307407272463939,0.5969009855198222,0.3231472448801723,0.6563471742787956,0.6288019772909842,0.2177745355759534,0.02056807051821556,0.5554039825109206,False
Whitby,Yorkshire and The Humber,73.5,6681.818182,3.75,7.25,0.0,7.25,38.75,12.25,4.0,6755.318182,0.0005551181896941772,0.001073228500075409,0.0,0.001073228500075409,0.005736221293506497,0.001813386086334312,0.0005921260690071223,0.11996917532328144,0.5346217564499404,0.0,0.19323068885313346,0.38995039938564846,0.507739971980907,0.12220020662434954,0.010880316518005872,0.29380350090340357,False
Whitehaven,North West,117.75,19625.0,0.0,15.75,11.25,7.75,41.75,29.75,9.25,19742.75,0.0,0.0007977612034797583,0.0005698294310569703,0.00039254916361702397,0.002114700333033645,0.0015068822732395436,0.00046852642109128666,0.0,0.39739952470699313,0.3322674777001725,0.07067697632806923,0.14375809391819092,0.4219202788413357,0.0966922898063344,0.005964214711729622,0.161052958298212,False
Wisbech,East of England,259.0,19923.07692,33.25,23.0,10.75,23.0,125.75,27.5,15.75,20182.07692,0.001647501400960868,0.0011396250292360893,0.0005326508288820851,0.0011396250292360893,0.006230775975062531,0.0013625951436518457,0.000780395400455148,0.3560491947239454,0.5676967530975027,0.31058863891827004,0.20518513011729475,0.4235704056098032,0.38152052961740945,0.1610543500376843,0.012833168807484656,0.3465367865984093,False
Wolverhampton and Walsall,West Midlands,4137.0,318230.7692,391.5,245.0,298.75,170.75,2121.75,377.75,531.5,322367.7692,0.001214451435301864,0.0007600015367789443,0.0009267365678069779,0.0005296745404285907,0.006581768410860102,0.0011717982878295763,0.001648738027746975,0.2624607513646897,0.378589793756748,0.5403799893357102,0.0953658762395818,0.4474309984142585,0.3280982656222811,0.3402588371053115,0.01283316880675303,0.34653678657865306,False
Worcester and Kidderminster,West Midlands,3497.75,134528.8462,241.0,174.25,225.25,248.75,1752.0,358.0,498.5,138026.5962,0.0017460403040787293,0.0012624378547125253,0.0016319318609698498,0.001802188903068813,0.012693205862016324,0.002593703024316121,0.0036116227866524755,0.37734489564634405,0.6288751586897683,0.9515792861334128,0.32447722284582564,0.8628887279820758,0.7262252152574834,0.7453498061961412,0.02534113059581484,0.6842919388952959,False
Workington,North West,299.5,21392.85714,7.75,37.0,28.25,94.75,67.5,41.5,22.75,21692.35714,0.00035726868915085546,0.0017056698707847292,0.0013023019959369892,0.004367897844779814,0.003111695034539709,0.0019131162064207098,0.001048756474604124,0.07721099903044215,0.8496682879541515,0.7593721485940975,0.7864233099732414,0.2115341545241109,0.5356639583619213,0.21643745243330406,0.01380670611621693,0.3728254215928297,False
Worksop and Retford,East Midlands,452.25,50250.0,59.75,28.25,32.5,33.0,190.75,76.5,31.5,50702.25,0.001178448688174588,0.0005571744843670646,0.0006409971944045876,0.0006508586897031196,0.0037621604563900022,0.0015088087806754138,0.0006212742038075234,0.25468003013735707,0.2775528244548853,0.3737653925713183,0.11718461907091067,0.2557530292952449,0.42245969228389,0.12821566225408734,0.008919722497522299,0.24086116359960547,False
Worthing,South East,2185.0,136562.5,513.75,112.0,116.25,194.25,948.5,146.75,153.5,138747.5,0.0037027694192688157,0.0008072217517432746,0.0008378529342871043,0.0014000252256797419,0.006836159210075857,0.001057676714895764,0.0011063262401124344,0.8002227307425683,0.40211223493530435,0.4885519525428506,0.2520691900660967,0.46472457700518804,0.2961447369829594,0.2283184311786365,0.015748031496062992,0.4252474436955414,False
Wrexham,Wales,427.75,47527.77778,67.0,44.75,41.75,43.5,157.125,58.5,17.075,47955.52778,0.0013971277786237306,0.0009331562402001783,0.0008705982799632948,0.0009070904234348102,0.0032764731674067714,0.0012198802246192275,0.00035605905701492836,0.3019397860392165,0.46484567651994724,0.5076457599547747,0.16331816324303092,0.22273583162716662,0.3415609922982729,0.0734818016214921,0.008919722497108967,0.24086116358844414,False
Yeovil,South West,1336.75,74263.88889,103.25,102.75,148.25,73.75,576.25,148.75,183.75,75600.63889,0.0013657291990644446,0.0013591154983425828,0.001960962264031999,0.0009755208564746033,0.0076222900819456285,0.0019675759647538606,0.0024305350152841808,0.29515409289137495,0.677034494416793,1.1434368774644603,0.17563880112570768,0.5181660381639525,0.5509124464685314,0.5016024401247412,0.0176817288798973,0.4774634853996662,False
York,Yorkshire and The Humber,3559.25,127116.0714,423.75,234.0,182.75,200.0,2011.0,384.75,123.0,130675.3214,0.0032427699083508814,0.0017906977193017258,0.001398504308557224,0.0015305108711980563,0.015389286809896456,0.0029443202884672608,0.0009412641857868046,0.7008100957425515,0.8920243544564128,0.8154677063541759,0.2755626317396807,1.046169286490519,0.8243964768645399,0.19425369699415163,0.02723735409155841,0.7354960652295598,False
