ball,variable,n_ttwas,mean,std,min,median,max
0,pct_owned,70,67.54,3.38,57.91,68.18,76.46
0,pct_private_rented,70,15.38,2.48,10.88,15.07,22.08
0,pct_higher_managerial,70,8.25,1.64,5.02,8.02,12.57
0,pct_routine,70,12.59,2.13,8.31,11.94,17.98
0,pct_no_quals,70,25.07,3.53,19.31,24.68,35.24
0,pct_level4_plus,70,23.55,3.59,14.57,23.65,29.38
0,pct_self_employed,70,15.87,5.05,9.49,14.52,31.97
0,pct_econ_inactive,70,31.8,3.26,25.36,31.32,40.99
0,pop_density,70,3.54,4.14,0.19,1.76,16.65
0,log_pop_density,70,1.22,0.73,0.17,1.01,2.87
0,urban_rural_score,70,3.45,0.81,1.15,3.59,4.78
0,pct_urban,70,58.98,26.68,0.0,62.75,98.82
0,median_house_price,70,150090.14,31379.76,78450.0,145373.75,239000.0
1,pct_owned,9,68.31,4.27,63.76,66.57,76.46
1,pct_private_rented,9,14.74,2.09,11.45,15.06,18.68
1,pct_higher_managerial,9,10.57,3.48,5.02,9.67,16.12
1,pct_routine,9,11.69,2.7,8.29,11.2,15.36
1,pct_no_quals,9,23.29,5.47,16.33,23.8,35.24
1,pct_level4_plus,9,26.13,5.37,16.4,25.11,33.72
1,pct_self_employed,9,15.31,4.21,12.03,14.11,25.55
1,pct_econ_inactive,9,31.17,5.58,23.73,31.05,40.99
1,pop_density,9,3.22,2.87,0.91,2.18,9.96
1,log_pop_density,9,1.29,0.55,0.64,1.16,2.39
1,urban_rural_score,9,3.37,0.75,1.47,3.51,4.05
1,pct_urban,9,62.55,19.09,23.65,61.72,88.68
1,median_house_price,9,177105.61,51028.48,120950.0,161875.0,239000.0
2,pct_owned,84,67.72,3.62,57.91,68.24,76.46
2,pct_private_rented,84,15.35,2.43,10.35,15.07,21.85
2,pct_higher_managerial,84,9.24,1.89,5.75,9.21,14.11
2,pct_routine,84,11.98,2.05,7.22,11.65,17.98
2,pct_no_quals,84,23.9,3.43,16.7,23.56,32.46
2,pct_level4_plus,84,24.7,3.75,14.57,25.24,33.07
2,pct_self_employed,84,15.23,4.32,9.35,14.12,31.97
2,pct_econ_inactive,84,30.52,2.94,24.46,30.21,37.03
2,pop_density,84,4.61,4.26,0.33,3.34,19.29
2,log_pop_density,84,1.47,0.7,0.29,1.47,3.01
2,urban_rural_score,84,3.29,0.79,1.13,3.37,4.78
2,pct_urban,84,67.0,24.81,0.0,75.04,98.82
2,median_house_price,84,159256.86,36755.95,84500.0,159987.5,250000.0
3,pct_owned,3,68.45,3.94,64.08,69.53,71.73
3,pct_private_rented,3,15.72,2.53,13.36,15.42,18.39
3,pct_higher_managerial,3,13.21,1.98,11.77,12.39,15.46
3,pct_routine,3,9.57,1.98,7.35,10.22,11.15
3,pct_no_quals,3,18.77,1.77,16.73,19.71,19.86
3,pct_level4_plus,3,31.42,3.36,28.51,30.65,35.1
3,pct_self_employed,3,15.2,2.36,12.56,15.95,17.09
3,pct_econ_inactive,3,26.41,1.5,24.95,26.32,27.95
3,pop_density,3,5.02,3.26,1.62,5.3,8.13
3,log_pop_density,3,1.67,0.64,0.96,1.84,2.21
3,urban_rural_score,3,3.4,0.31,3.15,3.3,3.75
3,pct_urban,3,74.57,18.1,55.22,77.41,91.08
3,median_house_price,3,216500.0,53518.69,170000.0,204500.0,275000.0
4,pct_owned,9,67.77,3.09,62.94,67.39,72.93
4,pct_private_rented,9,14.19,2.61,9.66,15.06,17.03
4,pct_higher_managerial,9,8.7,1.25,6.64,9.34,10.23
4,pct_routine,9,12.56,1.57,10.32,12.34,15.86
4,pct_no_quals,9,24.65,1.96,21.26,24.92,27.29
4,pct_level4_plus,9,25.04,1.49,22.39,25.09,26.97
4,pct_self_employed,9,15.77,5.73,10.69,14.29,29.57
4,pct_econ_inactive,9,31.91,3.2,25.67,32.83,35.43
4,pop_density,9,3.29,3.62,0.66,1.56,9.66
4,log_pop_density,9,1.2,0.72,0.51,0.94,2.37
4,urban_rural_score,9,3.64,0.68,2.26,3.83,4.66
4,pct_urban,9,52.07,29.94,0.0,49.35,88.93
4,median_house_price,9,148779.06,36570.84,116637.5,136250.0,233000.0
5,pct_owned,1,68.45,,68.45,68.45,68.45
5,pct_private_rented,1,18.35,,18.35,18.35,18.35
5,pct_higher_managerial,1,7.2,,7.2,7.2,7.2
5,pct_routine,1,12.21,,12.21,12.21,12.21
5,pct_no_quals,1,24.29,,24.29,24.29,24.29
5,pct_level4_plus,1,22.7,,22.7,22.7,22.7
5,pct_self_employed,1,20.87,,20.87,20.87,20.87
5,pct_econ_inactive,1,30.2,,30.2,30.2,30.2
5,pop_density,1,0.86,,0.86,0.86,0.86
5,log_pop_density,1,0.62,,0.62,0.62,0.62
5,urban_rural_score,1,3.84,,3.84,3.84,3.84
5,pct_urban,1,45.39,,45.39,45.39,45.39
5,median_house_price,1,184750.0,,184750.0,184750.0,184750.0
6,pct_owned,8,67.5,2.94,64.44,66.32,73.67
6,pct_private_rented,8,15.64,1.13,14.18,15.62,17.82
6,pct_higher_managerial,8,10.22,2.67,6.95,9.51,15.19
6,pct_routine,8,11.57,2.26,8.67,11.43,14.89
6,pct_no_quals,8,22.76,3.23,17.12,23.87,25.58
6,pct_level4_plus,8,26.77,4.61,22.64,24.66,34.37
6,pct_self_employed,8,15.63,3.91,12.03,14.73,24.11
6,pct_econ_inactive,8,31.51,2.47,26.76,31.44,35.48
6,pop_density,8,3.73,2.94,0.53,2.83,9.96
6,log_pop_density,8,1.4,0.59,0.43,1.34,2.39
6,urban_rural_score,8,3.26,0.75,1.47,3.46,3.87
6,pct_urban,8,67.46,15.4,39.25,67.03,88.68
6,median_house_price,8,175181.31,45475.29,120950.0,168437.5,233000.0
7,pct_owned,11,66.91,4.17,59.14,67.65,72.51
7,pct_private_rented,11,16.06,2.9,12.13,15.59,21.18
7,pct_higher_managerial,11,9.08,2.25,5.77,8.45,12.69
7,pct_routine,11,12.37,4.09,8.33,11.17,22.31
7,pct_no_quals,11,24.33,3.8,18.94,23.85,30.13
7,pct_level4_plus,11,24.18,4.65,15.22,25.73,30.96
7,pct_self_employed,11,14.32,3.69,8.38,13.68,22.97
7,pct_econ_inactive,11,31.04,3.07,26.1,31.89,34.84
7,pop_density,11,6.13,4.33,1.0,4.96,13.43
7,log_pop_density,11,1.77,0.69,0.69,1.78,2.67
7,urban_rural_score,11,3.19,0.74,1.36,3.16,4.46
7,pct_urban,11,76.31,28.74,0.0,88.69,94.94
7,median_house_price,11,151326.05,46328.89,99375.0,135500.0,222375.0
8,pct_owned,23,68.43,3.0,62.75,69.35,73.72
8,pct_private_rented,23,16.34,2.61,11.34,15.78,21.85
8,pct_higher_managerial,23,8.67,1.72,4.58,9.08,12.15
8,pct_routine,23,11.43,1.57,8.69,11.75,15.12
8,pct_no_quals,23,24.03,3.31,18.92,22.91,33.56
8,pct_level4_plus,23,25.89,4.08,16.66,26.31,33.44
8,pct_self_employed,23,19.76,5.07,10.69,19.3,31.97
8,pct_econ_inactive,23,32.01,3.72,25.67,31.33,40.66
8,pop_density,23,2.18,2.44,0.19,1.2,9.31
8,log_pop_density,23,0.94,0.63,0.18,0.79,2.33
8,urban_rural_score,23,3.84,0.51,3.14,3.86,4.78
8,pct_urban,23,47.17,30.81,0.0,48.47,88.0
8,median_house_price,23,169763.54,29175.24,118000.0,168250.0,228000.0
9,pct_owned,2,69.42,2.54,67.63,69.42,71.22
9,pct_private_rented,2,15.18,4.12,12.27,15.18,18.1
9,pct_higher_managerial,2,8.69,0.66,8.22,8.69,9.16
9,pct_routine,2,9.92,0.44,9.61,9.92,10.23
9,pct_no_quals,2,20.62,2.38,18.94,20.62,22.3
9,pct_level4_plus,2,27.86,0.11,27.78,27.86,27.94
9,pct_self_employed,2,23.3,5.95,19.1,23.3,27.51
9,pct_econ_inactive,2,34.7,0.05,34.67,34.7,34.74
9,pop_density,2,1.48,0.71,0.98,1.48,1.98
9,log_pop_density,2,0.89,0.29,0.68,0.89,1.09
9,urban_rural_score,2,3.81,0.27,3.61,3.81,4.0
9,pct_urban,2,52.87,15.21,42.12,52.87,63.62
9,median_house_price,2,220000.0,30405.59,198500.0,220000.0,241500.0
10,pct_owned,1,56.44,,56.44,56.44,56.44
10,pct_private_rented,1,27.05,,27.05,27.05,27.05
10,pct_higher_managerial,1,11.81,,11.81,11.81,11.81
10,pct_routine,1,7.12,,7.12,7.12,7.12
10,pct_no_quals,1,17.42,,17.42,17.42,17.42
10,pct_level4_plus,1,35.46,,35.46,35.46,35.46
10,pct_self_employed,1,18.12,,18.12,18.12,18.12
10,pct_econ_inactive,1,28.53,,28.53,28.53,28.53
10,pop_density,1,13.12,,13.12,13.12,13.12
10,log_pop_density,1,2.65,,2.65,2.65,2.65
10,urban_rural_score,1,3.03,,3.03,3.03,3.03
10,pct_urban,1,98.13,,98.13,98.13,98.13
10,median_house_price,1,226625.0,,226625.0,226625.0,226625.0
11,pct_owned,83,67.57,3.29,57.91,67.83,73.12
11,pct_private_rented,83,15.15,2.44,9.66,15.0,21.73
11,pct_higher_managerial,83,8.32,1.76,5.23,8.06,12.24
11,pct_routine,83,12.73,2.23,8.79,11.97,18.92
11,pct_no_quals,83,25.11,3.56,18.92,24.81,33.7
11,pct_level4_plus,83,23.38,3.9,14.54,23.4,33.07
11,pct_self_employed,83,15.41,4.57,8.66,14.47,29.33
11,pct_econ_inactive,83,31.19,2.76,25.35,30.95,37.47
11,pop_density,83,3.95,4.26,0.19,2.6,19.29
11,log_pop_density,83,1.31,0.73,0.17,1.28,3.01
11,urban_rural_score,83,3.38,0.8,1.13,3.47,4.65
11,pct_urban,83,61.96,25.94,0.0,66.13,98.82
11,median_house_price,83,152745.52,34367.65,78450.0,154000.0,229249.0
12,pct_owned,3,64.07,2.92,61.7,63.18,67.33
12,pct_private_rented,3,16.59,3.39,12.68,18.41,18.67
12,pct_higher_managerial,3,12.93,0.22,12.69,12.97,13.12
12,pct_routine,3,8.95,0.57,8.3,9.27,9.29
12,pct_no_quals,3,18.36,0.79,17.46,18.69,18.94
12,pct_level4_plus,3,31.73,2.94,29.3,30.9,35.0
12,pct_self_employed,3,14.41,0.89,13.43,14.58,15.2
12,pct_econ_inactive,3,26.06,1.25,24.79,26.1,27.28
12,pop_density,3,3.15,2.05,1.17,3.04,5.26
12,log_pop_density,3,1.33,0.53,0.77,1.4,1.83
12,urban_rural_score,3,3.49,0.42,3.23,3.25,3.97
12,pct_urban,3,68.45,26.16,38.25,82.92,84.18
12,median_house_price,3,209916.67,19526.16,191000.0,208750.0,230000.0
13,pct_owned,78,66.99,3.28,57.91,67.63,72.97
13,pct_private_rented,78,14.91,2.52,8.73,14.84,21.73
13,pct_higher_managerial,78,7.92,1.59,5.13,7.4,12.57
13,pct_routine,78,13.54,2.34,8.33,13.54,18.92
13,pct_no_quals,78,26.14,3.46,19.59,26.18,33.7
13,pct_level4_plus,78,22.38,3.58,14.54,22.58,28.47
13,pct_self_employed,78,13.92,3.98,8.66,12.57,28.71
13,pct_econ_inactive,78,31.65,2.59,25.36,32.25,37.47
13,pop_density,78,4.47,4.45,0.19,2.96,19.29
13,log_pop_density,78,1.42,0.73,0.17,1.38,3.01
13,urban_rural_score,78,3.26,0.79,1.13,3.41,4.52
13,pct_urban,78,67.14,23.46,0.0,69.93,98.82
13,median_house_price,78,136740.69,30767.44,78450.0,130687.5,220000.0
14,pct_owned,59,67.74,3.56,57.91,68.1,73.66
14,pct_private_rented,59,15.57,2.38,9.66,15.18,21.73
14,pct_higher_managerial,59,8.66,1.77,5.27,8.68,12.39
14,pct_routine,59,12.54,2.3,8.33,11.92,22.31
14,pct_no_quals,59,24.83,3.55,18.92,24.33,36.67
14,pct_level4_plus,59,23.83,4.01,14.17,24.84,33.07
14,pct_self_employed,59,14.82,3.95,8.38,13.91,29.57
14,pct_econ_inactive,59,31.27,2.91,25.67,30.8,40.08
14,pop_density,59,4.63,4.11,0.33,3.5,16.65
14,log_pop_density,59,1.49,0.69,0.29,1.5,2.87
14,urban_rural_score,59,3.28,0.79,1.15,3.36,4.66
14,pct_urban,59,67.22,25.53,0.0,75.82,98.82
14,median_house_price,59,149917.53,31723.93,84500.0,148749.0,233000.0
15,pct_owned,1,68.38,,68.38,68.38,68.38
15,pct_private_rented,1,17.45,,17.45,17.45,17.45
15,pct_higher_managerial,1,10.81,,10.81,10.81,10.81
15,pct_routine,1,8.85,,8.85,8.85,8.85
15,pct_no_quals,1,20.37,,20.37,20.37,20.37
15,pct_level4_plus,1,26.96,,26.96,26.96,26.96
15,pct_self_employed,1,14.49,,14.49,14.49,14.49
15,pct_econ_inactive,1,29.15,,29.15,29.15,29.15
15,pop_density,1,3.53,,3.53,3.53,3.53
15,log_pop_density,1,1.51,,1.51,1.51,1.51
15,urban_rural_score,1,3.59,,3.59,3.59,3.59
15,pct_urban,1,57.57,,57.57,57.57,57.57
15,median_house_price,1,188326.0,,188326.0,188326.0,188326.0
16,pct_owned,1,71.27,,71.27,71.27,71.27
16,pct_private_rented,1,14.19,,14.19,14.19,14.19
16,pct_higher_managerial,1,16.31,,16.31,16.31,16.31
16,pct_routine,1,6.8,,6.8,6.8,6.8
16,pct_no_quals,1,15.72,,15.72,15.72,15.72
16,pct_level4_plus,1,36.04,,36.04,36.04,36.04
16,pct_self_employed,1,16.11,,16.11,16.11,16.11
16,pct_econ_inactive,1,25.9,,25.9,25.9,25.9
16,pop_density,1,5.27,,5.27,5.27,5.27
16,log_pop_density,1,1.84,,1.84,1.84,1.84
16,urban_rural_score,1,2.9,,2.9,2.9,2.9
16,pct_urban,1,83.16,,83.16,83.16,83.16
16,median_house_price,1,267375.0,,267375.0,267375.0,267375.0
17,pct_owned,7,67.72,4.16,61.7,67.9,72.34
17,pct_private_rented,7,15.89,3.25,12.1,14.93,21.18
17,pct_higher_managerial,7,11.7,1.81,8.45,12.24,13.65
17,pct_routine,7,9.36,0.79,8.4,9.27,10.52
17,pct_no_quals,7,19.94,1.6,17.77,19.73,22.28
17,pct_level4_plus,7,28.81,2.86,26.15,28.67,33.86
17,pct_self_employed,7,16.45,3.16,13.43,15.99,22.97
17,pct_econ_inactive,7,28.16,3.39,24.79,26.87,33.92
17,pop_density,7,3.27,2.57,1.0,2.84,8.03
17,log_pop_density,7,1.31,0.56,0.69,1.35,2.2
17,urban_rural_score,7,3.61,0.46,3.09,3.51,4.46
17,pct_urban,7,59.43,31.57,0.0,63.72,94.23
17,median_house_price,7,211214.14,21478.62,179250.0,222375.0,230000.0
18,pct_owned,12,68.32,2.54,64.08,68.54,72.93
18,pct_private_rented,12,15.51,1.84,11.34,15.29,18.39
18,pct_higher_managerial,12,9.05,1.84,5.9,9.38,12.39
18,pct_routine,12,11.0,1.32,8.22,11.45,12.54
18,pct_no_quals,12,23.19,2.68,18.59,23.44,26.45
18,pct_level4_plus,12,26.48,3.01,22.52,26.12,32.74
18,pct_self_employed,12,19.92,6.61,10.69,19.27,31.64
18,pct_econ_inactive,12,32.81,3.3,27.95,33.03,38.59
18,pop_density,12,2.55,2.99,0.53,1.3,9.31
18,log_pop_density,12,1.04,0.64,0.43,0.83,2.33
18,urban_rural_score,12,3.92,0.53,3.14,3.88,4.66
18,pct_urban,12,40.08,34.58,0.0,43.4,91.08
18,median_house_price,12,189500.0,46961.3,129250.0,178625.0,300000.0
19,pct_owned,3,65.33,3.13,63.18,63.88,68.92
19,pct_private_rented,3,18.7,3.14,15.57,18.67,21.85
19,pct_higher_managerial,3,12.19,4.16,7.7,12.97,15.9
19,pct_routine,3,9.0,0.87,8.03,9.27,9.71
19,pct_no_quals,3,20.68,4.2,17.84,18.69,25.51
19,pct_level4_plus,3,30.05,6.86,22.81,30.9,36.45
19,pct_self_employed,3,16.96,2.11,15.2,16.38,19.3
19,pct_econ_inactive,3,29.05,4.97,24.79,27.85,34.51
19,pop_density,3,2.36,1.34,1.17,2.11,3.8
19,log_pop_density,3,1.16,0.4,0.77,1.13,1.57
19,urban_rural_score,3,3.63,0.31,3.35,3.58,3.97
19,pct_urban,3,58.4,19.31,38.25,60.21,76.75
19,median_house_price,3,206066.67,33133.45,168250.0,219950.0,230000.0
20,pct_owned,1,49.42,,49.42,49.42,49.42
20,pct_private_rented,1,24.16,,24.16,24.16,24.16
20,pct_higher_managerial,1,13.34,,13.34,13.34,13.34
20,pct_routine,1,7.51,,7.51,7.51,7.51
20,pct_no_quals,1,18.05,,18.05,18.05,18.05
20,pct_level4_plus,1,37.19,,37.19,37.19,37.19
20,pct_self_employed,1,16.41,,16.41,16.41,16.41
20,pct_econ_inactive,1,28.2,,28.2,28.2,28.2
20,pop_density,1,36.87,,36.87,36.87,36.87
20,log_pop_density,1,3.63,,3.63,3.63,3.63
20,urban_rural_score,1,1.07,,1.07,1.07,1.07
20,pct_urban,1,98.7,,98.7,98.7,98.7
20,median_house_price,1,270000.0,,270000.0,270000.0,270000.0
21,pct_owned,1,60.44,,60.44,60.44,60.44
21,pct_private_rented,1,16.22,,16.22,16.22,16.22
21,pct_higher_managerial,1,9.47,,9.47,9.47,9.47
21,pct_routine,1,12.03,,12.03,12.03,12.03
21,pct_no_quals,1,24.66,,24.66,24.66,24.66
21,pct_level4_plus,1,25.43,,25.43,25.43,25.43
21,pct_self_employed,1,12.0,,12.0,12.0,12.0
21,pct_econ_inactive,1,31.93,,31.93,31.93,31.93
21,pop_density,1,14.22,,14.22,14.22,14.22
21,log_pop_density,1,2.72,,2.72,2.72,2.72
21,urban_rural_score,1,1.17,,1.17,1.17,1.17
21,pct_urban,1,98.28,,98.28,98.28,98.28
21,median_house_price,1,120000.0,,120000.0,120000.0,120000.0
22,pct_owned,1,66.73,,66.73,66.73,66.73
22,pct_private_rented,1,14.5,,14.5,14.5,14.5
22,pct_higher_managerial,1,15.88,,15.88,15.88,15.88
22,pct_routine,1,8.8,,8.8,8.8,8.8
22,pct_no_quals,1,17.49,,17.49,17.49,17.49
22,pct_level4_plus,1,32.79,,32.79,32.79,32.79
22,pct_self_employed,1,16.13,,16.13,16.13,16.13
22,pct_econ_inactive,1,23.77,,23.77,23.77,23.77
22,pop_density,1,1.34,,1.34,1.34,1.34
22,log_pop_density,1,0.85,,0.85,0.85,0.85
22,urban_rural_score,1,3.71,,3.71,3.71,3.71
22,pct_urban,1,54.49,,54.49,54.49,54.49
22,median_house_price,1,249995.0,,249995.0,249995.0,249995.0
23,pct_owned,1,64.9,,64.9,64.9,64.9
23,pct_private_rented,1,17.66,,17.66,17.66,17.66
23,pct_higher_managerial,1,15.47,,15.47,15.47,15.47
23,pct_routine,1,9.36,,9.36,9.36,9.36
23,pct_no_quals,1,16.88,,16.88,16.88,16.88
23,pct_level4_plus,1,36.41,,36.41,36.41,36.41
23,pct_self_employed,1,13.91,,13.91,13.91,13.91
23,pct_econ_inactive,1,27.47,,27.47,27.47,27.47
23,pop_density,1,2.54,,2.54,2.54,2.54
23,log_pop_density,1,1.26,,1.26,1.26,1.26
23,urban_rural_score,1,3.47,,3.47,3.47,3.47
23,pct_urban,1,69.0,,69.0,69.0,69.0
23,median_house_price,1,249950.0,,249950.0,249950.0,249950.0
24,pct_owned,1,64.55,,64.55,64.55,64.55
24,pct_private_rented,1,18.13,,18.13,18.13,18.13
24,pct_higher_managerial,1,6.54,,6.54,6.54,6.54
24,pct_routine,1,10.92,,10.92,10.92,10.92
24,pct_no_quals,1,22.65,,22.65,22.65,22.65
24,pct_level4_plus,1,26.83,,26.83,26.83,26.83
24,pct_self_employed,1,26.19,,26.19,26.19,26.19
24,pct_econ_inactive,1,35.08,,35.08,35.08,35.08
24,pop_density,1,1.96,,1.96,1.96,1.96
24,log_pop_density,1,1.09,,1.09,1.09,1.09
24,urban_rural_score,1,4.02,,4.02,4.02,4.02
24,pct_urban,1,36.0,,36.0,36.0,36.0
24,median_house_price,1,212000.0,,212000.0,212000.0,212000.0
25,pct_owned,1,65.22,,65.22,65.22,65.22
25,pct_private_rented,1,16.68,,16.68,16.68,16.68
25,pct_higher_managerial,1,9.89,,9.89,9.89,9.89
25,pct_routine,1,12.96,,12.96,12.96,12.96
25,pct_no_quals,1,22.91,,22.91,22.91,22.91
25,pct_level4_plus,1,23.96,,23.96,23.96,23.96
25,pct_self_employed,1,12.81,,12.81,12.81,12.81
25,pct_econ_inactive,1,27.91,,27.91,27.91,27.91
25,pop_density,1,2.15,,2.15,2.15,2.15
25,log_pop_density,1,1.15,,1.15,1.15,1.15
25,urban_rural_score,1,3.44,,3.44,3.44,3.44
25,pct_urban,1,70.22,,70.22,70.22,70.22
25,median_house_price,1,148000.0,,148000.0,148000.0,148000.0
26,pct_owned,1,69.27,,69.27,69.27,69.27
26,pct_private_rented,1,15.87,,15.87,15.87,15.87
26,pct_higher_managerial,1,16.8,,16.8,16.8,16.8
26,pct_routine,1,7.24,,7.24,7.24,7.24
26,pct_no_quals,1,15.69,,15.69,15.69,15.69
26,pct_level4_plus,1,35.91,,35.91,35.91,35.91
26,pct_self_employed,1,13.76,,13.76,13.76,13.76
26,pct_econ_inactive,1,24.97,,24.97,24.97,24.97
26,pop_density,1,7.0,,7.0,7.0,7.0
26,log_pop_density,1,2.08,,2.08,2.08,2.08
26,urban_rural_score,1,3.2,,3.2,3.2,3.2
26,pct_urban,1,86.38,,86.38,86.38,86.38
26,median_house_price,1,247500.0,,247500.0,247500.0,247500.0
27,pct_owned,1,61.79,,61.79,61.79,61.79
27,pct_private_rented,1,19.67,,19.67,19.67,19.67
27,pct_higher_managerial,1,13.46,,13.46,13.46,13.46
27,pct_routine,1,7.86,,7.86,7.86,7.86
27,pct_no_quals,1,17.17,,17.17,17.17,17.17
27,pct_level4_plus,1,34.54,,34.54,34.54,34.54
27,pct_self_employed,1,15.11,,15.11,15.11,15.11
27,pct_econ_inactive,1,27.37,,27.37,27.37,27.37
27,pop_density,1,22.76,,22.76,22.76,22.76
27,log_pop_density,1,3.17,,3.17,3.17,3.17
27,urban_rural_score,1,1.44,,1.44,1.44,1.44
27,pct_urban,1,97.5,,97.5,97.5,97.5
27,median_house_price,1,262500.0,,262500.0,262500.0,262500.0
28,pct_owned,6,68.24,3.56,64.44,68.01,73.67
28,pct_private_rented,6,14.77,1.51,12.29,14.84,16.66
28,pct_higher_managerial,6,11.95,3.11,8.43,11.14,16.12
28,pct_routine,6,10.54,2.33,8.29,9.77,14.89
28,pct_no_quals,6,20.74,3.29,16.33,20.99,23.94
28,pct_level4_plus,6,28.36,4.47,22.64,27.82,33.72
28,pct_self_employed,6,14.37,1.88,12.5,13.98,17.72
28,pct_econ_inactive,6,29.13,3.45,23.73,29.73,33.11
28,pop_density,6,2.98,1.12,1.71,2.83,4.88
28,log_pop_density,6,1.35,0.27,1.0,1.34,1.77
28,urban_rural_score,6,3.45,0.14,3.24,3.45,3.65
28,pct_urban,6,68.76,9.11,59.09,67.03,83.08
28,median_house_price,6,195895.83,43406.39,126000.0,210375.0,233750.0
29,pct_owned,1,70.13,,70.13,70.13,70.13
29,pct_private_rented,1,13.87,,13.87,13.87,13.87
29,pct_higher_managerial,1,14.68,,14.68,14.68,14.68
29,pct_routine,1,7.32,,7.32,7.32,7.32
29,pct_no_quals,1,17.24,,17.24,17.24,17.24
29,pct_level4_plus,1,34.14,,34.14,34.14,34.14
29,pct_self_employed,1,19.79,,19.79,19.79,19.79
29,pct_econ_inactive,1,27.88,,27.88,27.88,27.88
29,pop_density,1,2.66,,2.66,2.66,2.66
29,log_pop_density,1,1.3,,1.3,1.3,1.3
29,urban_rural_score,1,3.69,,3.69,3.69,3.69
29,pct_urban,1,54.5,,54.5,54.5,54.5
29,median_house_price,1,281750.0,,281750.0,281750.0,281750.0
