,Region / Nation,Advertising and marketing: Employment 2011-2014,All creative industries: Employment 2011-2014,Architecture: Employment 2011-2014,"Design: product, graphic and fashion design: Employment 2011-2014","Film, TV, video, radio and photography: Employment 2011-2014","IT, software and computer services: Employment 2011-2014","Music, performing and visual arts: Employment 2011-2014",Publishing: Employment 2011-2014,not_creative: Employment 2011-2014,Advertising and marketing: Employment 2015-2016,All creative industries: Employment 2015-2016,Architecture: Employment 2015-2016,"Design: product, graphic and fashion design: Employment 2015-2016","Film, TV, video, radio and photography: Employment 2015-2016","IT, software and computer services: Employment 2015-2016","Music, performing and visual arts: Employment 2015-2016",Publishing: Employment 2015-2016,not_creative: Employment 2015-2016,Advertising and marketing: Change in employment (%),All creative industries: Change in employment (%),Architecture: Change in employment (%),"Design: product, graphic and fashion design: Change in employment (%)","Film, TV, video, radio and photography: Change in employment (%)","IT, software and computer services: Change in employment (%)","Music, performing and visual arts: Change in employment (%)",Publishing: Change in employment (%),not_creative: Change in employment (%),Advertising and marketing: Number of businesses 2011-2014,All creative industries: Number of businesses 2011-2014,Architecture: Number of businesses 2011-2014,"Design: product, graphic and fashion design: Number of businesses 2011-2014","Film, TV, video, radio and photography: Number of businesses 2011-2014","IT, software and computer services: Number of businesses 2011-2014","Music, performing and visual arts: Number of businesses 2011-2014",Publishing: Number of businesses 2011-2014,not_creative: Number of businesses 2011-2014,Advertising and marketing: Number of businesses 2015-2016,All creative industries: Number of businesses 2015-2016,Architecture: Number of businesses 2015-2016,"Design: product, graphic and fashion design: Number of businesses 2015-2016","Film, TV, video, radio and photography: Number of businesses 2015-2016","IT, software and computer services: Number of businesses 2015-2016","Music, performing and visual arts: Number of businesses 2015-2016",Publishing: Number of businesses 2015-2016,not_creative: Number of businesses 2015-2016,Advertising and marketing: Change in businesses (%),All creative industries: Change in businesses (%),Architecture: Change in businesses (%),"Design: product, graphic and fashion design: Change in businesses (%)","Film, TV, video, radio and photography: Change in businesses (%)","IT, software and computer services: Change in businesses (%)","Music, performing and visual arts: Change in businesses (%)",Publishing: Change in businesses (%),not_creative: Change in businesses (%),Advertising and marketing: Change in employment (total),All creative industries: Change in employment (total),Architecture: Change in employment (total),"Design: product, graphic and fashion design: Change in employment (total)","Film, TV, video, radio and photography: Change in employment (total)","IT, software and computer services: Change in employment (total)","Music, performing and visual arts: Change in employment (total)",Publishing: Change in employment (total),not_creative: Change in employment (total),Advertising and marketing: Change in number of businesses (total),All creative industries: Change in number of businesses (total),Architecture: Change in number of businesses (total),"Design: product, graphic and fashion design: Change in number of businesses (total)","Film, TV, video, radio and photography: Change in number of businesses (total)","IT, software and computer services: Change in number of businesses (total)","Music, performing and visual arts: Change in number of businesses (total)",Publishing: Change in number of businesses (total),not_creative: Change in number of businesses (total),Creative GVA 2015-2016 (Million £),Creative GVA 2015-2016 (% of total)
Aberdeen,Scotland,187,3652.25,596.25,210.75,242.5,1368.25,514.75,532.75,214838.2353,190,3635,495,205,205,1600,590,350,223935,1.6,-0.47,-16.98,-2.73,-15.46,16.94,14.62,-34.3,4.23,58,1155,191,103,84,519,154,47,26250,65,1247.5,182.5,110,82.5,605,155,47.5,30140,12.07,8.01,-4.45,6.8,-1.79,16.57,0.65,1.06,14.82,3,-17.25,-101.25,-5.75,-37.5,231.75,75.25,-182.75,9096.764706,7,92.5,-8.5,7,-1.5,86,1,0.5,3890,111.54,1.79
Aberystwyth,Wales,30.5,376,29.5,8.25,21.5,96.25,63.25,126.75,19789.47368,,395,,,,,,,20090,,5.05,,,,,,,1.52,9,117,11,6,15,36,21,20,3078.947368,,120,,,,,,,3075,,2.56,,,,,,,-0.13,,19,,,,,,,300.5263158,,3,,,,,,,-3.947368421,3.8,0.76
Alness and Invergordon,Scotland,5,79.5,15.5,,5.75,17.5,11.75,,6115.384615,,90,,,,,,,6025,,13.21,,,,,,,-1.48,3,29,8,,3,9,4,,966.6666667,,32.5,,,,,,,985,,12.07,,,,,,,1.9,,10.5,,,,,,,-90.38461538,,3.5,,,,,,,18.33333333,1.29,0.59
Andover,South East,76.25,975.25,31.75,78,92.25,352,61.75,283.25,27864.28571,95,1020,,110,50,415,80,255,27035,24.59,4.59,,41.03,-45.8,17.9,29.55,-9.97,-2.98,29,331,13,29,27,187,36,12,3804.597701,30,390,,37.5,22.5,230,45,15,4337.5,3.45,17.82,,29.31,-16.67,22.99,25,25,14.01,18.75,44.75,,32,-42.25,63,18.25,-28.25,-829.2857143,1,59,,8.5,-4.5,43,9,3,532.9022989,28.86,2.37
Arbroath and Montrose,Scotland,9,98,27.75,10.25,12.75,31,2.75,4.5,12250,,110,,,,,,,12570,,12.24,,,,,,,2.61,3,44,9,6,5,16,3,3,1375,,47.5,,,,,,,1387.5,,7.95,,,,,,,0.91,,12,,,,,,,320,,3.5,,,,,,,12.5,2.23,0.54
Ashford,South East,103.75,1467.75,67.75,84,74.5,901.75,141.75,94.25,41935.71429,140,1700,70,95,95,1090,140,80,48090,34.94,15.82,3.32,13.1,27.52,20.88,-1.23,-15.12,14.68,54,459,32,40,36,212,60,25,5884.615385,57.5,527.5,35,50,50,257.5,52.5,25,6492.5,6.48,14.92,9.38,25,38.89,21.46,-12.5,0,10.33,36.25,232.25,2.25,11,20.5,188.25,-1.75,-14.25,6154.285714,3.5,68.5,3,10,14,45.5,-7.5,0,607.8846154,60.33,3.38
Aviemore and Grantown-on-Spey,Scotland,6.25,45,,,6.75,14.5,5.5,,4090.909091,,50,,,,,,,4430,,11.11,,,,,,,8.29,4,24,,,6,8,3,,750,,25,,,,,,,747.5,,4.17,,,,,,,-0.33,,5,,,,,,,339.0909091,,1,,,,,,,-2.5,0.59,0.35
Ayr,Scotland,39.5,470.5,93.5,34.25,24.25,144.75,110.5,23.75,42772.72727,40,425,85,,20,150,85,,45040,1.27,-9.67,-9.09,,-17.53,3.63,-23.08,,5.3,14,177,17,15,14,80,28,10,4022.727273,17.5,187.5,17.5,,15,82.5,32.5,,4265,25,5.93,2.94,,7.14,3.12,16.07,,6.02,0.5,-45.5,-8.5,,-4.25,5.25,-25.5,,2267.272727,3.5,10.5,0.5,,1,2.5,4.5,,242.2727273,9.16,0.67
Ballymena,Northern Ireland,13.75,158,35,8.25,37.75,44.5,13,5.75,26333.33333,,170,,,,,,,29410,,7.59,,,,,,,11.68,6,69,10,5,10,27,8,4,4058.823529,,75,,,,,,,4132.5,,8.7,,,,,,,1.82,,12,,,,,,,3076.666667,,6,,,,,,,73.67647059,,
Banbury,South East,199.25,1745.5,137.75,134.5,198.5,885.25,139,51.25,37945.65217,140,1570,150,200,200,695,140,45,42090,-29.74,-10.05,8.89,48.7,0.76,-21.49,0.72,-12.2,10.92,63,536,34,50,54,242,74,18,6232.55814,70,595,40,57.5,55,270,80,22.5,6592.5,11.11,11.01,17.65,15,1.85,11.57,8.11,25,5.78,-59.25,-175.5,12.25,65.5,1.5,-190.25,1,-6.25,4144.347826,7,59,6,7.5,1,28,6,4.5,359.9418605,76.29,4.07
Bangor and Holyhead,Wales,12,866.5,55.75,30.25,269,305.25,151,43.25,37673.91304,,845,,,,,,,38185,,-2.48,,,,,,,1.36,7,218,16,15,48,68,52,13,4541.666667,,232.5,,,,,,,4715,,6.65,,,,,,,3.82,,-21.5,,,,,,,511.0869565,,14.5,,,,,,,173.3333333,11.16,1
Barnsley,Yorkshire and The Humber,123.5,1233,43.75,70.25,134,465.75,107,288.75,61650,135,1470,30,75,160,575,125,375,70585,9.31,19.22,-31.43,6.76,19.4,23.46,16.82,29.87,14.49,32,356,21,37,32,162,46,26,6472.727273,40,445,20,40,42.5,217.5,55,32.5,7532.5,25,25,-4.76,8.11,32.81,34.26,19.57,25,16.37,11.5,237,-13.75,4.75,26,109.25,18,86.25,8935,8,89,-1,3,10.5,55.5,9,6.5,1059.772727,35.86,1.86
Barnstaple,South West,550.5,1089.5,70.5,51.5,49,150.75,185,32.25,37568.96552,450,1045,75,65,45,190,190,,39430,-18.26,-4.08,6.38,26.21,-8.16,26.04,2.7,,4.95,32,213,18,23,26,67,37,11,4953.488372,35,242.5,20,27.5,25,92.5,32.5,,5120,9.38,13.85,11.11,19.57,-3.85,38.06,-12.16,,3.36,-100.5,-44.5,4.5,13.5,-4,39.25,5,,1861.034483,3,29.5,2,4.5,-1,25.5,-4.5,,166.5116279,16.03,1.51
Barrow-in-Furness,North West,37.75,593.25,28,38,23.25,136.75,70,259.5,20456.89655,60,625,25,35,,155,70,,24640,58.94,5.35,-10.71,-7.89,,13.35,0,,20.45,14,158,15,21,13,60,26,10,3511.111111,20,160,15,20,,62.5,25,,3737.5,42.86,1.27,0,-4.76,,4.17,-3.85,,6.45,22.25,31.75,-3,-3,,18.25,0,,4183.103448,6,2,0,-1,,2.5,-1,,226.3888889,21.11,1.89
Basingstoke,South East,312.5,7534.5,265,245.75,205,4239.25,353.25,1913.75,171238.6364,350,7590,315,270,220,4115,360,1965,179490,12,0.74,18.87,9.87,7.32,-2.93,1.91,2.68,4.82,117,1776,59,120,97,1249,103,32,12963.50365,125,2080,65,135,120,1500,105,32.5,14322.5,6.84,17.12,10.17,12.5,23.71,20.1,1.94,1.56,10.48,37.5,55.5,50,24.25,15,-124.25,6.75,51.25,8251.363636,8,304,6,15,23,251,2,0.5,1358.99635,310.82,7.2
Bath,South West,351,4704.25,496,337.75,164.25,1308.25,657.25,1389.75,138360.2941,400,4975,565,410,180,1640,540,1230,134335,13.96,5.76,13.91,21.39,9.59,25.36,-17.84,-11.49,-2.91,85,1046,75,107,96,396,201,88,8368,107.5,1195,82.5,117.5,115,477.5,195,97.5,9092.5,26.47,14.24,10,9.81,19.79,20.58,-2.99,10.8,8.66,49,270.75,69,72.25,15.75,331.75,-117.25,-159.75,-4025.294118,22.5,149,7.5,10.5,19,81.5,-6,9.5,724.5,114.46,5.83
Bedford,East of England,342.75,2544.25,317,209.25,231.5,1127.5,223.75,92.5,97855.76923,200,2965,645,265,205,1325,245,85,109470,-41.65,16.54,103.47,26.64,-11.45,17.52,9.5,-8.11,11.87,73,925,56,82,82,506,95,31,10164.83516,80,1077.5,70,92.5,95,595,105,35,13570,9.59,16.49,25,12.8,15.85,17.59,10.53,12.9,33.5,-142.75,420.75,328,55.75,-26.5,197.5,21.25,-7.5,11614.23077,7,152.5,14,10.5,13,89,10,4,3405.164835,92.15,3.7
Belfast,Northern Ireland,1140,12915.5,1012.75,439.5,1492.75,7362.25,484.25,984,391378.7879,1095,13185,980,520,1720,7340,595,945,409840,-3.95,2.09,-3.23,18.32,15.22,-0.3,22.87,-3.96,4.72,193,1556,212,159,213,571,125,83,26827.58621,200,1782.5,202.5,167.5,247.5,742.5,140,85,28302.5,3.63,14.56,-4.48,5.35,16.2,30.04,12,2.41,5.5,-45,269.5,-32.75,80.5,227.25,-22.25,110.75,-39,18461.21212,7,226.5,-9.5,8.5,34.5,171.5,15,2,1474.913793,,
Berwick,North East,7.5,164,30.5,9.75,13,54,37.75,11.5,13666.66667,,145,,,,,,,13960,,-11.59,,,,,,,2.15,5,73,11,7,6,26,13,6,2354.83871,,75,,,,,,,2410,,2.74,,,,,,,2.34,,-19,,,,,,,293.3333333,,2,,,,,,,55.16129032,2.7,0.56
Bideford,South West,26.75,236.75,46.75,16.25,4.75,50.75,50.75,40.75,12460.52632,,275,45,,,60,40,,13180,,16.16,-3.74,,,18.23,-21.18,,5.77,11,90,13,9,4,26,17,10,2500,,107.5,15,,,37.5,15,,2607.5,,19.44,15.38,,,44.23,-11.76,,4.3,,38.25,-1.75,,,9.25,-10.75,,719.4736842,,17.5,2,,,11.5,-2,,107.5,3.74,0.97
Birkenhead,North West,170.25,1655.5,116.75,111.25,120.5,807,143.75,186,71978.26087,150,1790,115,110,145,975,140,160,75025,-11.89,8.12,-1.5,-1.12,20.33,20.82,-2.61,-13.98,4.23,53,629,38,53,47,335,78,26,9115.942029,55,725,42.5,50,52.5,420,80,30,10090,3.77,15.26,11.84,-5.66,11.7,25.37,2.56,15.38,10.69,-20.25,134.5,-1.75,-1.25,24.5,168,-3.75,-26,3046.73913,2,96,4.5,-3,5.5,85,2,4,974.057971,75.26,2.23
Birmingham,West Midlands,1945.25,15881,1338,925,798,8441.75,1732.75,700.25,721863.6364,2315,19315,1530,1155,800,10680,2055,780,818275,19.01,21.62,14.35,24.86,0.25,26.51,18.6,11.39,13.36,402,3935,250,336,325,2139,348,135,53175.67568,412.5,4987.5,307.5,347.5,390,2975,387.5,167.5,65642.5,2.61,26.75,23,3.42,20,39.08,11.35,24.07,23.44,369.75,3434,192,230,2,2238.25,322.25,79.75,96411.36364,10.5,1052.5,57.5,11.5,65,836,39.5,32.5,12466.82432,1004.6,4.48
Blackburn,North West,351.25,1595.25,87.75,208.5,165.25,644.25,114,24.25,106350,365,1780,90,190,100,855,145,35,117050,3.91,11.58,2.56,-8.87,-39.49,32.71,27.19,44.33,10.06,73,505,31,66,40,226,58,11,11477.27273,70,562.5,30,65,42.5,277.5,62.5,15,12382.5,-4.11,11.39,-3.23,-1.52,6.25,22.79,7.76,36.36,7.89,13.75,184.75,2.25,-18.5,-65.25,210.75,31,10.75,10700,-3,57.5,-1,-1,2.5,51.5,4.5,4,905.2272727,52.49,1.21
Blackpool,North West,640.5,1899.5,58,83.25,94.5,603.75,253.25,166.25,94975,635,1950,50,90,95,720,205,160,112240,-0.86,2.66,-13.79,8.11,0.53,19.25,-19.05,-3.76,18.18,147,667,21,45,40,305,76,34,9394.366197,145,770,30,47.5,40,400,67.5,35,10150,-1.36,15.44,42.86,5.56,0,31.15,-11.18,2.94,8.04,-5.5,50.5,-8,6.75,0.5,116.25,-48.25,-6.25,17265,-2,103,9,2.5,0,95,-8.5,1,755.6338028,61.11,1.75
Blandford Forum and Gillingham,South West,34.25,631.75,71.5,56.75,53,264.5,100.25,51.5,22562.5,45,645,70,65,50,265,90,60,22820,31.39,2.1,-2.1,14.54,-5.66,0.19,-10.22,16.5,1.14,17,264,16,23,36,102,54,18,4061.538462,22.5,292.5,17.5,27.5,37.5,115,55,20,4230,32.35,10.8,9.38,19.57,4.17,12.75,1.85,11.11,4.15,10.75,13.25,-1.5,8.25,-3,0.5,-10.25,8.5,257.5,5.5,28.5,1.5,4.5,1.5,13,1,2,168.4615385,16.4,2.41
Blyth and Ashington,North East,43.25,593.5,30.25,54.25,48.75,326.5,71.75,18.75,45653.84615,35,670,35,45,55,390,85,,46885,-19.08,12.89,15.7,-17.05,12.82,19.45,18.47,,2.7,22,224,15,25,24,104,27,8,4765.957447,17.5,255,17.5,20,30,127.5,30,,5182.5,-20.45,13.84,16.67,-20,25,22.6,11.11,,8.74,-8.25,76.5,4.75,-9.25,6.25,63.5,13.25,,1231.153846,-4.5,31,2.5,-5,6,23.5,3,,416.5425532,9.16,0.7
Boston,East Midlands,13.5,238.75,46.75,9.5,14.25,43,78.25,33.5,26527.77778,,245,,,,,,,26575,,2.62,,,,,,,0.18,7,72,8,6,3,29,10,10,2666.666667,,77.5,,,,,,,2865,,7.64,,,,,,,7.44,,6.25,,,,,,,47.22222222,,5.5,,,,,,,198.3333333,2.27,0.3
Bournemouth,South West,927,3910,343,195.75,202.25,1635,265.25,341.75,130333.3333,940,4420,365,245,240,1955,370,300,138330,1.4,13.04,6.41,25.16,18.67,19.57,39.49,-12.22,6.14,148,1199,62,92,95,636,112,55,14105.88235,147.5,1382.5,75,102.5,110,755,137.5,60,15262.5,-0.34,15.3,20.97,11.41,15.79,18.71,22.77,9.09,8.2,13,510,22,49.25,37.75,320,104.75,-41.75,7996.666667,-0.5,183.5,13,10.5,15,119,25.5,5,1156.617647,114.48,3.07
Bradford,Yorkshire and The Humber,204,3873.75,194.75,388.75,185.5,1386.5,294.5,1219.75,322812.5,305,6510,185,385,210,1890,335,3200,307570,49.51,68.05,-5.01,-0.96,13.21,36.31,13.75,162.35,-4.72,77,839,47,96,63,430,87,39,14465.51724,82.5,997.5,60,100,67.5,562.5,92.5,35,16372.5,7.14,18.89,27.66,4.17,7.14,30.81,6.32,-10.26,13.18,101,2636.25,-9.75,-3.75,24.5,503.5,40.5,1980.25,-15242.5,5.5,158.5,13,4,4.5,132.5,5.5,-4,1906.982759,96.63,2.23
Brecon,Wales,5.75,230.5,20.75,25.75,32.5,43.25,73.5,,10477.27273,,245,,,,,,,10410,,6.29,,,,,,,-0.64,4,78,11,6,12,25,19,,2000,,77.5,,,,,,,1985,,-0.64,,,,,,,-0.75,,14.5,,,,,,,-67.27272727,,-0.5,,,,,,,-15,2.48,0.97
Bridgend,Wales,29.25,659.25,54,75.75,118.75,306,49.75,25.75,38779.41176,,965,40,75,145,425,200,,43110,,46.38,-25.93,-0.99,22.11,38.89,302.01,,11.17,15,214,16,27,24,108,18,8,4553.191489,,260,15,27.5,35,140,20,,4817.5,,21.5,-6.25,1.85,45.83,29.63,11.11,,5.8,,305.75,-14,-0.75,26.25,119,150.25,,4330.588235,,46,-1,0.5,11,32,2,,264.3085106,14.9,1.29
Bridgwater,South West,37.75,326.25,15.25,32.75,44,160.75,29.5,6.25,25096.15385,,380,,,,,,,27825,,16.48,,,,,,,10.87,16,150,7,15,18,69,19,7,3658.536585,,162.5,,,,,,,3802.5,,8.33,,,,,,,3.94,,53.75,,,,,,,2728.846154,,12.5,,,,,,,143.9634146,8.6,1.05
Bridlington,Yorkshire and The Humber,5,156.75,15,25.75,7.25,34.5,52.25,,8708.333333,,80,,,,,,,9015,,-48.96,,,,,,,3.52,4,41,3,5,4,19,5,,1576.923077,,35,,,,,,,1527.5,,-14.63,,,,,,,-3.13,,-76.75,,,,,,,306.6666667,,-6,,,,,,,-49.42307692,1.2,0.41
Bridport,South West,14.25,201,13.5,38.25,51.5,38.5,37.75,7.25,8040,,220,,,50,45,55,,8835,,9.45,,,-2.91,16.88,45.7,,9.89,7,102,6,18,20,25,22,6,1672.131148,,115,,,25,30,25,,1755,,12.75,,,25,20,13.64,,4.96,,19,,,-1.5,6.5,17.25,,795,,13,,,5,5,3,,82.86885246,4.34,1.83
Brighton,South East,761.75,6776.25,364,487,789.25,2651.75,1397.25,325.25,118881.5789,915,8105,390,540,825,3305,1770,360,135270,20.12,19.61,7.14,10.88,4.53,24.63,26.68,10.68,13.79,233,2690,108,261,398,962,600,130,17133.75796,265,3155,122.5,295,475,1205,657.5,135,19290,13.73,17.29,13.43,13.03,19.35,25.26,9.58,3.85,12.58,153.25,1328.75,26,53,35.75,653.25,372.75,34.75,16388.42105,32,465,14.5,34,77,243,57.5,5,2156.242038,433.54,7.64
Bristol,South West,1316.25,13303.25,911,724,1774,6134,1411.25,1032.75,391272.0588,2705,16670,1140,870,1935,7205,1465,1340,416730,105.51,25.31,25.14,20.17,9.08,17.46,3.81,29.75,6.51,332,3690,179,299,567,1725,446,143,33853.21101,352.5,4375,205,332.5,667.5,2155,492.5,170,38407.5,6.17,18.56,14.53,11.2,17.72,24.93,10.43,18.88,13.45,1388.75,3366.75,229,146,161,1071,53.75,307.25,25457.94118,20.5,685,26,33.5,100.5,430,46.5,27,4554.288991,496.36,4.94
Broadford and Kyle of Lochalsh,Scotland,,52,,,,9.75,,26.5,1793.103448,,85,,,,,,,1900,,63.46,,,,,,,5.96,,16,,,,6,,4,457.1428571,,22.5,,,,,,,472.5,,40.62,,,,,,,3.36,,33,,,,,,,106.8965517,,6.5,,,,,,,15.35714286,0.82,1.35
Bude,South West,3.5,148.25,32,20,12.25,53.5,14,13,9265.625,,200,,,,,,,10220,,34.91,,,,,,,10.3,4,68,6,9,9,26,10,5,2125,,80,,,,,,,2252.5,,17.65,,,,,,,6,,51.75,,,,,,,954.375,,12,,,,,,,127.5,2.96,0.94
Burnley,North West,105.75,591,49.5,74.75,35,244.5,42.5,39,42214.28571,100,705,55,80,40,355,45,,50830,-5.44,19.29,11.11,7.02,14.29,45.19,5.88,,20.41,30,220,20,19,20,106,16,10,5238.095238,25,250,25,22.5,20,130,17.5,,5640,-16.67,13.64,25,18.42,0,22.64,9.38,,7.67,-5.75,114,5.5,5.25,5,110.5,2.5,,8615.714286,-5,30,5,3.5,0,24,1.5,,401.9047619,28.69,1.5
Burton upon Trent,East Midlands,58,1102,78.5,122.25,39,663.75,68,72.5,84769.23077,105,1265,90,110,55,755,70,85,81015,81.03,14.79,14.65,-10.02,41.03,13.75,2.94,17.24,-4.43,34,400,27,44,25,227,30,13,7017.54386,32.5,450,32.5,40,22.5,282.5,25,15,7727.5,-4.41,12.5,20.37,-9.09,-10,24.45,-16.67,15.38,10.12,47,163,11.5,-12.25,16,91.25,2,12.5,-3754.230769,-1.5,50,5.5,-4,-2.5,55.5,-5,2,709.9561404,35,1.85
Bury St Edmunds,East of England,118.25,1315.25,233.75,92.5,51.75,557.75,180.5,80.75,77367.64706,105,1705,245,105,440,595,165,55,97870,-11.21,29.63,4.81,13.51,750.24,6.68,-8.59,-31.89,26.5,52,425,30,47,29,168,72,27,6439.393939,52.5,472.5,35,50,37.5,195,70,32.5,6785,0.96,11.18,16.67,6.38,29.31,16.07,-2.78,20.37,5.37,-13.25,389.75,11.25,12.5,388.25,37.25,-15.5,-25.75,20502.35294,0.5,47.5,5,3,8.5,27,-2,5.5,345.6060606,40.26,2.73
Buxton,East Midlands,19.25,279.5,14,20.25,17.5,128.75,72.25,7.5,12704.54545,,310,,,,,,,13465,,10.91,,,,,,,5.99,11,116,7,10,7,62,14,6,2148.148148,,122.5,,,,,,,2220,,5.6,,,,,,,3.34,,30.5,,,,,,,760.4545455,,6.5,,,,,,,71.85185185,4.74,1.12
Cambridge,East of England,1250,16037.75,686.25,747.25,513.25,7870.75,1032.25,3938,334119.7917,1485,18005,775,875,630,9265,1195,3780,355930,18.8,12.27,12.93,17.1,22.75,17.71,15.77,-4.01,6.53,316,3620,202,315,267,1867,423,231,35145.63107,322.5,4112.5,240,335,320,2212.5,452.5,230,39352.5,2.06,13.6,18.81,6.35,19.85,18.51,6.97,-0.43,11.97,235,1967.25,88.75,127.75,116.75,1394.25,162.75,-158,21810.20833,6.5,492.5,38,20,53,345.5,29.5,-1,4206.868932,473.56,5.71
Campbeltown,Scotland,,20.75,,,,8.75,,,2075,,,,,,,,,,,,,,,,,,,,9,,,,4,,,428.5714286,,,,,,,,,,,,,,,,,,,,,,,,,,,,,,,,,,,,,0.23,0.54
Canterbury,South East,123.25,1639.25,288.25,224.75,114.75,596.75,157,134.5,60712.96296,150,1940,310,325,155,700,175,125,72210,21.7,18.35,7.55,44.61,35.08,17.3,11.46,-7.06,18.94,50,589,59,63,78,218,96,27,7096.385542,57.5,680,67.5,72.5,90,265,100,27.5,7795,15,15.45,14.41,15.08,15.38,21.56,4.17,1.85,9.84,26.75,300.75,21.75,100.25,40.25,103.25,18,-9.5,11497.03704,7.5,91,8.5,9.5,12,47,4,0.5,698.6144578,112.44,4.16
Cardiff,Wales,709,6429.75,689.75,490.25,1242.25,1796.5,1242.25,259.75,292261.3636,570,7395,750,510,1295,2670,1330,275,310250,-19.61,15.01,8.74,4.03,4.25,48.62,7.06,5.87,6.15,116,1576,106,142,294,590,261,68,21013.33333,125,1950,122.5,150,370,810,285,85,24332.5,7.76,23.73,15.57,5.63,25.85,37.29,9.2,25,15.8,-139,965.25,60.25,19.75,52.75,873.5,87.75,15.25,17988.63636,9,374,16.5,8,76,220,24,17,3319.166667,159.46,2.29
Cardigan,Wales,6,201.25,19,10.75,12,65,56,32.5,9583.333333,,220,,,,,,,9715,,9.32,,,,,,,1.37,4,80,10,7,9,28,16,7,2424.242424,,90,,,,,,,2400,,12.5,,,,,,,-1,,18.75,,,,,,,131.6666667,,10,,,,,,,-24.24242424,2.65,1
Carlisle,North West,27.5,893.5,75.75,41.5,52.5,193.5,83.75,419,74458.33333,40,895,85,30,30,270,105,345,76290,45.45,0.17,12.21,-27.71,-42.86,39.53,25.37,-17.66,2.46,18,177,15,22,18,64,26,16,6103.448276,20,200,15,20,15,87.5,22.5,17.5,6550,11.11,12.99,0,-9.09,-16.67,36.72,-13.46,9.38,7.32,12.5,1.5,9.25,-11.5,-22.5,76.5,21.25,-74,1831.666667,2,23,0,-2,-3,23.5,-3.5,1.5,446.5517241,22.98,1.09
Chelmsford,East of England,629,7979,698.5,654.75,303.25,4871,493.25,329.25,221638.8889,665,7660,750,770,370,4170,535,405,229825,5.72,-4,7.37,17.6,22.01,-14.39,8.46,23.01,3.69,173,1994,127,209,145,1054,217,69,23738.09524,205,2452.5,155,217.5,182.5,1372.5,237.5,77.5,26470,18.5,22.99,22.05,4.07,25.86,30.22,9.45,12.32,11.51,36,-319,51.5,115.25,66.75,-701,41.75,75.75,8186.111111,32,458.5,28,8.5,37.5,318.5,20.5,8.5,2731.904762,176.14,3.49
Cheltenham,South West,555.25,3309.25,155.25,238.5,166,1424,389.5,380.75,68942.70833,700,3895,210,245,215,1760,370,390,77470,26.07,17.7,35.27,2.73,29.52,23.6,-5.01,2.43,12.37,111,964,56,88,60,513,94,42,9180.952381,120,1130,67.5,92.5,82.5,640,90,40,10065,8.11,17.22,20.54,5.11,37.5,24.76,-4.26,-4.76,9.63,144.75,585.75,54.75,6.5,49,336,-19.5,9.25,8527.291667,9,166,11.5,4.5,22.5,127,-4,-2,884.047619,102.34,4.77
Chester,North West,747.25,4448.25,296.25,139.75,191,1416.25,152,1505.75,177930,625,5485,340,125,330,2080,130,1855,192095,-16.36,23.31,14.77,-10.55,72.77,46.87,-14.47,23.19,7.96,94,853,115,73,51,419,60,42,11684.93151,92.5,1000,107.5,62.5,57.5,562.5,62.5,52.5,13010,-1.6,17.23,-6.52,-14.38,12.75,34.25,4.17,25,11.34,-122.25,1036.75,43.75,-14.75,139,663.75,-22,349.25,14165,-1.5,147,-7.5,-10.5,6.5,143.5,2.5,10.5,1325.068493,128.41,2.69
Chesterfield,East Midlands,87.5,1872,243,90,53.75,1222.75,111.75,63.25,267428.5714,85,1490,270,85,45,790,140,85,250480,-2.86,-20.41,11.11,-5.56,-16.28,-35.39,25.28,34.39,-6.34,42,425,40,39,28,212,42,23,8173.076923,35,475,42.5,37.5,30,260,52.5,20,9687.5,-16.67,11.76,6.25,-3.85,7.14,22.64,25,-13.04,18.53,-2.5,-382,27,-5,-8.75,-432.75,28.25,21.75,-16948.57143,-7,50,2.5,-1.5,2,48,10.5,-3,1514.423077,40.63,1.55
Chichester and Bognor Regis,South East,157.75,3301,226.5,168.5,204,672.75,473,1398.5,91694.44444,140,3475,255,200,275,895,420,1300,89315,-11.25,5.27,12.58,18.69,34.8,33.04,-11.21,-7.04,-2.59,77,842,68,90,99,323,134,51,10395.06173,72.5,975,85,110,102.5,407.5,132.5,60,11227.5,-5.84,15.8,25,22.22,3.54,26.16,-1.12,17.65,8.01,-17.75,174,28.5,31.5,71,222.25,-53,-98.5,-2379.444444,-4.5,133,17,20,3.5,84.5,-1.5,9,832.4382716,92.55,2.52
Cinderford and Ross-on-Wye,South West,40.5,675,49.5,61.5,121.25,242.25,95.75,64.25,27000,40,635,50,75,55,270,85,60,28905,-1.23,-5.93,1.01,21.95,-54.64,11.46,-11.23,-6.61,7.06,24,301,19,28,34,119,55,23,4703.125,22.5,322.5,17.5,35,30,145,52.5,20,4905,-6.25,7.14,-7.89,25,-11.76,21.85,-4.55,-13.04,4.29,-0.5,-40,0.5,13.5,-66.25,27.75,-10.75,-4.25,1905,-1.5,21.5,-1.5,7,-4,26,-2.5,-3,201.875,17.09,2.11
Clacton,East of England,86.5,434.25,26.25,41,100,122,35.75,22.75,22855.26316,,460,,,,,,,23425,,5.93,,,,,,,2.49,17,144,11,10,14,65,20,8,3130.434783,,152.5,,,,,,,3310,,5.9,,,,,,,5.74,,25.75,,,,,,,569.7368421,,8.5,,,,,,,179.5652174,11.04,1.5
Colchester,East of England,906.5,6370,175.5,185.25,209.75,1303.5,204,3385.5,107966.1017,1115,7135,220,185,280,1805,235,3290,112750,23,12.01,25.36,-0.13,33.49,38.47,15.2,-2.82,4.43,99,811,60,75,70,389,71,48,9321.83908,95,922.5,72.5,72.5,87.5,462.5,80,47.5,10187.5,-4.04,13.75,20.83,-3.33,25,18.89,12.68,-1.04,9.29,208.5,765,44.5,-0.25,70.25,501.5,31,-95.5,4783.898305,-4,111.5,12.5,-2.5,17.5,73.5,9,-0.5,865.6609195,92.88,4.45
Coleraine,Northern Ireland,9.5,326.25,114.25,11.5,10.5,72.5,25.75,82.25,25096.15385,,320,,,,,,,27250,,-1.92,,,,,,,8.58,6,90,19,6,6,37,12,5,4090.909091,,100,,,,,,,4157.5,,11.11,,,,,,,1.63,,-6.25,,,,,,,2153.846154,,10,,,,,,,66.59090909,,
Colwyn Bay,Wales,15.25,268.5,29.75,34.75,25,94.5,43.75,25.5,29833.33333,,305,30,,30,110,40,,30570,,13.59,0.84,,20,16.4,-8.57,,2.47,9,139,14,8,20,54,24,10,3564.102564,,157.5,15,,25,67.5,25,,3722.5,,13.31,7.14,,25,25,4.17,,4.44,,36.5,0.25,,5,15.5,-3.75,,736.6666667,,18.5,1,,5,13.5,1,,158.3974359,5.39,0.58
Cookstown and Magherafelt,Northern Ireland,6.5,210,62,20.75,46,62,9.75,3,23333.33333,,225,,,,,,,26110,,7.14,,,,,,,11.9,3,64,16,8,4,26,4,3,4571.428571,,72.5,,,,,,,4865,,13.28,,,,,,,6.42,,15,,,,,,,2776.666667,,8.5,,,,,,,293.5714286,,
Corby,East Midlands,92,329,9.75,24.75,13,104,32,53.5,20562.5,,355,,,,,,,21820,,7.9,,,,,,,6.12,13,93,5,9,7,49,7,4,1860,,120,,,,,,,2432.5,,29.03,,,,,,,30.78,,26,,,,,,,1257.5,,27,,,,,,,572.5,6.28,1.16
Coventry,West Midlands,528.5,4664,226.5,249.75,144.25,2705,585.5,224.5,291500,505,5680,315,295,140,3390,790,250,340540,-4.45,21.78,39.07,18.12,-2.95,25.32,34.93,11.36,16.82,96,1507,57,150,69,965,109,61,19571.42857,105,1812.5,67.5,155,70,1225,125,62.5,22985,9.38,20.27,18.42,3.33,1.45,26.94,14.68,2.46,17.44,-23.5,1016,88.5,45.25,-4.25,685,204.5,25.5,49040,9,305.5,10.5,5,1,260,16,1.5,3413.571429,261.19,3.57
Craigavon,Northern Ireland,20.75,353,83.25,76.5,29.75,95.5,10,37.25,58833.33333,,375,,,,,,,66805,,6.23,,,,,,,13.55,10,125,26,22,10,46,6,6,5952.380952,,145,,,,,,,6092.5,,16,,,,,,,2.35,,22,,,,,,,7971.666667,,20,,,,,,,140.1190476,,
Crawley,South East,780.75,11517.75,429,538,856.75,6568.75,942,1402.5,311290.5405,1245,12340,455,615,990,6920,1145,975,336320,59.46,7.14,6.06,14.31,15.55,5.35,21.55,-30.48,8.04,329,3575,173,270,310,1919,389,185,33101.85185,370,4170,205,290,397.5,2320,397.5,195,36542.5,12.46,16.64,18.5,7.41,28.23,20.9,2.19,5.41,10.39,464.25,822.25,26,77,133.25,351.25,203,-427.5,25029.45946,41,595,32,20,87.5,401,8.5,10,3440.648148,602.3,5.04
Crewe,North West,382.25,3161.5,121.75,198.75,266.5,1936.25,156,100,112910.7143,450,4205,175,260,675,2335,160,155,130730,17.72,33.01,43.74,30.82,153.28,20.59,2.56,55,15.78,103,977,51,79,73,563,74,33,13026.66667,120,1190,65,92.5,82.5,715,80,35,14632.5,16.5,21.8,27.45,17.09,13.01,27,8.11,6.06,12.33,67.75,1043.5,53.25,61.25,408.5,398.75,4,55,17819.28571,17,213,14,13.5,9.5,152,6,2,1605.833333,152.12,3.44
Cromer and Sheringham,East of England,38,271,33.5,17.5,38.25,45.25,61.5,37,12318.18182,40,285,,,40,50,60,45,13045,5.26,5.17,,,4.58,10.5,-2.44,21.62,5.9,17,136,6,13,20,26,36,19,2472.727273,15,147.5,,,22.5,32.5,32.5,22.5,2502.5,-11.76,8.46,,,12.5,25,-9.72,18.42,1.2,2,14,,,1.75,4.75,-1.5,8,726.8181818,-2,11.5,,,2.5,6.5,-3.5,3.5,29.77272727,5.03,1.12
Dalbeattie and Castle Douglas,Scotland,,51.75,19,3.75,,18.5,5.25,,5175,,50,,,,,,,5055,,-3.38,,,,,,,-2.32,,24,6,3,,10,3,,1000,,22.5,,,,,,,957.5,,-6.25,,,,,,,-4.25,,-1.75,,,,,,,-120,,-1.5,,,,,,,-42.5,0.94,0.56
Darlington,North East,67.25,514.75,59.25,56,23.25,190.5,92.5,26,85791.66667,50,545,70,50,,260,80,,79240,-25.65,5.88,18.14,-10.71,,36.48,-13.51,,-7.64,26,199,23,16,12,90,27,6,3618.181818,25,230,30,17.5,,110,27.5,,3977.5,-3.85,15.58,30.43,9.38,,22.22,1.85,,9.93,-17.25,30.25,10.75,-6,,69.5,-12.5,,-6551.666667,-1,31,7,1.5,,20,0.5,,359.3181818,14.1,1.45
Derby,East Midlands,218.75,3782,266,356.75,480,2071.5,244.5,144.5,180095.2381,275,5105,355,410,870,2610,355,240,190590,25.71,34.98,33.46,14.93,81.25,26,45.19,66.09,5.83,81,976,56,117,64,518,98,42,15250,87.5,1155,60,125,80,647.5,112.5,40,16812.5,8.02,18.34,7.14,6.84,25,25,14.8,-4.76,10.25,56.25,1323,89,53.25,390,538.5,110.5,95.5,10494.7619,6.5,179,4,8,16,129.5,14.5,-2,1562.5,122.15,2.71
Derry,Northern Ireland,12.5,768.25,99.75,32.25,95.25,304.75,183.25,40.5,54875,,850,90,,90,340,245,,54490,,10.64,-9.77,,-5.51,11.57,33.7,,-0.7,8,142,25,14,19,50,19,8,4057.142857,,175,25,,22.5,72.5,22.5,,4387.5,,23.24,0,,18.42,45,18.42,,8.14,,81.75,-9.75,,-5.25,35.25,61.75,,-385,,33,0,,3.5,22.5,3.5,,330.3571429,,
Doncaster,Yorkshire and The Humber,106.75,735.5,56,88.5,37.25,323.75,87.5,35.75,91937.5,115,820,65,95,35,385,95,35,99390,7.73,11.49,16.07,7.34,-6.04,18.92,8.57,-2.1,8.11,32,308,20,37,25,141,38,15,7512.195122,37.5,360,30,35,27.5,172.5,37.5,15,9797.5,17.19,16.88,50,-5.41,10,22.34,-1.32,0,30.42,8.25,84.5,9,6.5,-2.25,61.25,7.5,-0.75,7452.5,5.5,52,10,-2,2.5,31.5,-0.5,0,2285.304878,27.4,1.03
Dorchester and Weymouth,South West,54,667.75,52.25,72.5,54.25,183.75,176.5,74.5,66775,95,875,55,85,110,220,230,95,66630,75.93,31.04,5.26,17.24,102.76,19.73,30.31,27.52,-0.22,23,293,22,31,35,103,63,17,4725.806452,25,335,22.5,32.5,35,120,77.5,25,4955,8.7,14.33,2.27,4.84,0,16.5,23.02,47.06,4.85,41,207.25,2.75,12.5,55.75,36.25,53.5,20.5,-145,2,42,0.5,1.5,0,17,14.5,8,229.1935484,27.93,2.24
Dudley,West Midlands,227,3118,179.25,159.5,124.25,2161.5,172.25,94.25,207866.6667,160,3365,205,190,125,2430,165,90,189055,-29.52,7.92,14.37,19.12,0.6,12.42,-4.21,-4.51,-9.05,71,795,61,84,51,435,66,28,16224.4898,77.5,887.5,72.5,82.5,55,505,65,25,17862.5,9.15,11.64,18.85,-1.79,7.84,16.09,-1.52,-10.71,10.1,-67,247,25.75,30.5,0.75,268.5,-7.25,-4.25,-18811.66667,6.5,92.5,11.5,-1.5,4,70,-1,-3,1638.010204,131.02,1.96
Dumbarton and Helensburgh,Scotland,9.5,148.5,14.75,7,13.25,70.25,12.75,21,10607.14286,,175,,,,,,,14370,,17.85,,,,,,,35.47,7,95,9,5,9,54,7,5,1666.666667,,107.5,,,,,,,1735,,13.16,,,,,,,4.1,,26.5,,,,,,,3762.857143,,12.5,,,,,,,68.33333333,10.37,1.96
Dumfries,Scotland,18.25,248.5,11,19,28,96.25,38,38,35500,,255,,,,,,,37490,,2.62,,,,,,,5.61,12,105,6,9,15,38,19,6,3750,,105,,,,,,,3677.5,,0,,,,,,,-1.93,,6.5,,,,,,,1990,,0,,,,,,,-72.5,10.84,0.99
Dundee,Scotland,61,2282.75,179.25,135.75,51.75,638.75,292.75,923.5,81526.78571,45,2610,180,200,50,1000,310,835,79760,-26.23,14.34,0.42,47.33,-3.38,56.56,5.89,-9.58,-2.17,17,303,38,25,25,152,36,11,6446.808511,17.5,340,42.5,27.5,22.5,172.5,37.5,17.5,6847.5,2.94,12.21,11.84,10,-10,13.49,4.17,59.09,6.22,-16,327.25,0.75,64.25,-1.75,361.25,17.25,-88.5,-1766.785714,0.5,37,4.5,2.5,-2.5,20.5,1.5,6.5,400.6914894,49.19,2.01
Dunfermline and Kirkcaldy,Scotland,26.75,1932.75,126,60.25,56.75,1292.25,167.5,203.25,87852.27273,35,1675,120,85,60,1220,150,,88670,30.84,-13.34,-4.76,41.08,5.73,-5.59,-10.45,,0.93,19,437,41,29,22,277,38,11,6936.507937,22.5,520,47.5,27.5,22.5,355,37.5,,7665,18.42,18.99,15.85,-5.17,2.27,28.16,-1.32,,10.5,8.25,-257.75,-6,24.75,3.25,-72.25,-17.5,,817.7272727,3.5,83,6.5,-1.5,0.5,78,-0.5,,728.4920635,42.88,1.65
Dungannon,Northern Ireland,13,227.5,38.5,22.25,12.75,46.5,17,77.5,20681.81818,,260,,,,,,,24000,,14.29,,,,,,,16.04,8,63,9,12,4,23,5,3,3705.882353,,62.5,,,,,,,3782.5,,-0.79,,,,,,,2.07,,32.5,,,,,,,3318.181818,,-0.5,,,,,,,76.61764706,,
Dunoon and Rothesay,Scotland,4.75,50,,5.25,,11.25,13.5,4.75,4166.666667,,60,,,,,,,4210,,20,,,,,,,1.04,3,31,,4,,9,8,4,815.7894737,,27.5,,,,,,,800,,-11.29,,,,,,,-1.94,,10,,,,,,,43.33333333,,-3.5,,,,,,,-15.78947368,1.06,0.63
Durham and Bishop Auckland,North East,73.75,643.25,66.5,46.75,32.75,281.75,111.5,30.25,80406.25,75,705,75,60,30,310,135,30,80610,1.69,9.6,12.78,28.34,-8.4,10.03,21.08,-0.83,0.25,30,313,32,29,22,136,48,17,7634.146341,30,327.5,37.5,25,17.5,152.5,52.5,15,8220,0,4.63,17.19,-13.79,-20.45,12.13,9.38,-11.76,7.67,1.25,61.75,8.5,13.25,-2.75,28.25,23.5,-0.25,203.75,0,14.5,5.5,-4,-4.5,16.5,4.5,-2,585.8536585,19.21,0.84
Eastbourne,South East,275,2512.5,273.75,175.25,211.25,709.25,599.5,268.5,89732.14286,286.6666667,3770,346.6666667,200,370,890,1323.333333,333.3333333,98208.75,4.24,50.05,26.64,14.12,75.15,25.48,120.74,24.15,9.45,90,903,74,74,95,323,182,65,10261.36364,121.6666667,1115,90,85,131.6666667,420,185,80,11316.25,35.19,23.48,21.62,14.86,38.6,30.03,1.65,23.08,10.28,11.66666667,1257.5,72.91666667,24.75,158.75,180.75,723.8333333,64.83333333,8476.607143,31.66666667,212,16,11,36.66666667,97,3,15,1054.886364,136.19,3.66
Edinburgh,Scotland,949.75,9711.75,1267.5,649.75,615.5,4424.5,1319.25,485.5,485587.5,1195,12590,1510,795,740,6465,1345,535,480405,25.82,29.64,19.13,22.35,20.23,46.12,1.95,10.2,-1.07,221,2929,223,223,212,1640,301,110,24822.0339,227.5,3580,227.5,250,245,2182.5,332.5,117.5,28047.5,2.94,22.23,2.02,12.11,15.57,33.08,10.47,6.82,12.99,245.25,2878.25,242.5,145.25,124.5,2040.5,25.75,49.5,-5182.5,6.5,651,4.5,27,33,542.5,31.5,7.5,3225.466102,488.83,5.37
Eilean Siar,Scotland,,156.5,36.25,,68.75,7.75,27,13.5,8694.444444,,,,,,,,,,,,,,,,,,,,43,7,,12,6,8,8,1162.162162,,,,,,,,,,,,,,,,,,,,,,,,,,,,,,,,,,,,,,
Elgin,Scotland,6.75,244.5,63.75,16.75,18,87.5,18.5,33.25,30562.5,,265,,,,,,,31195,,8.38,,,,,,,2.07,4,97,18,10,11,38,11,6,3592.592593,,107.5,,,,,,,3650,,10.82,,,,,,,1.6,,20.5,,,,,,,632.5,,10.5,,,,,,,57.40740741,7.89,0.72
Enniskillen,Northern Ireland,,118,38.75,15,19.25,34,7.5,,19666.66667,,125,,,,,,,20080,,5.93,,,,,,,2.1,,46,15,6,4,15,5,,4181.818182,,52.5,,,,,,,4512.5,,14.13,,,,,,,7.91,,7,,,,,,,413.3333333,,6.5,,,,,,,330.6818182,,
Evesham,West Midlands,96,715.75,74.25,74.5,64.5,259,109.5,38,44734.375,85,870,80,115,100,355,110,,34260,-11.46,21.55,7.74,54.36,55.04,37.07,0.46,,-23.41,42,335,28,34,33,133,49,16,5317.460317,37.5,367.5,27.5,40,37.5,170,45,,5625,-10.71,9.7,-1.79,17.65,13.64,27.82,-8.16,,5.78,-11,154.25,5.75,40.5,35.5,96,0.5,,-10474.375,-4.5,32.5,-0.5,6,4.5,37,-4,,307.5396825,25.74,2.08
Exeter,South West,419.25,3648,290.75,211,373.25,1105.25,418.75,829.75,182400,440,4315,365,220,525,1400,540,825,193915,4.95,18.28,25.54,4.27,40.66,26.67,28.96,-0.57,6.31,108,1063,99,103,110,404,162,78,18982.14286,110,1240,132.5,105,117.5,510,172.5,92.5,20065,1.85,16.65,33.84,1.94,6.82,26.24,6.48,18.59,5.7,20.75,667,74.25,9,151.75,294.75,121.25,-4.75,11515,2,177,33.5,2,7.5,106,10.5,14.5,1082.857143,119.7,2.27
Falkirk and Stirling,Scotland,164.25,1301.25,117.25,96.25,85,612.75,169.5,56.25,92946.42857,180,1495,135,105,95,705,195,85,103325,9.59,14.89,15.14,9.09,11.76,15.06,15.04,51.11,11.17,38,532,45,45,45,299,38,23,8444.444444,37.5,650,45,47.5,50,402.5,37.5,27.5,9087.5,-1.32,22.18,0,5.56,11.11,34.62,-1.32,19.57,7.62,15.75,193.75,17.75,8.75,10,92.25,25.5,28.75,10378.57143,-0.5,118,0,2.5,5,103.5,-0.5,4.5,643.0555556,55.48,1.89
Falmouth,South West,43,437.5,26,91.5,55.75,70.75,100.75,49.75,19886.36364,55,555,,95,70,125,110,65,21220,27.91,26.86,,3.83,25.56,76.68,9.18,30.65,6.71,16,177,7,36,21,40,41,17,3000,20,210,,40,25,55,40,20,3177.5,25,18.64,,11.11,19.05,37.5,-2.44,17.65,5.92,12,117.5,,3.5,14.25,54.25,9.25,15.25,1333.636364,4,33,,4,4,15,-1,3,177.5,8.28,1.3
Folkestone and Dover,South East,76.25,667,76.5,88.5,69,182.5,106.5,67.75,47642.85714,100,790,100,90,60,260,110,70,37670,31.15,18.44,30.72,1.69,-13.04,42.47,3.29,3.32,-20.93,30,293,19,29,30,110,55,20,4883.333333,27.5,360,27.5,37.5,30,147.5,62.5,27.5,5375,-8.33,22.87,44.74,29.31,0,34.09,13.64,37.5,10.07,23.75,123,23.5,1.5,-9,77.5,3.5,2.25,-9972.857143,-2.5,67,8.5,8.5,0,37.5,7.5,7.5,491.6666667,34.07,1.64
Fort William,Scotland,,75.5,17,,11.25,16.5,28.5,,5033.333333,,70,,,,,,,5795,,-7.28,,,,,,,15.13,,28,7,,5,6,9,,965.5172414,,30,,,,,,,982.5,,7.14,,,,,,,1.76,,-5.5,,,,,,,761.6666667,,2,,,,,,,16.98275862,1.53,0.51
Fraserburgh,Scotland,,33.75,,12.75,,10.25,,,5625,,40,,,,,,,5790,,18.52,,,,,,,2.93,,19,,6,,8,,,1117.647059,,25,,,,,,,1137.5,,31.58,,,,,,,1.78,,6.25,,,,,,,165,,6,,,,,,,19.85294118,1.06,0.46
Galashiels and Peebles,Scotland,28.25,443.25,47.25,141.75,27.75,119.25,56.5,22.5,24625,30,465,,100,,170,50,,24950,6.19,4.91,,-29.45,,42.56,-11.5,,1.32,17,137,12,14,9,61,15,10,2537.037037,20,165,,20,,77.5,15,,2647.5,17.65,20.44,,42.86,,27.05,0,,4.35,1.75,21.75,,-41.75,,50.75,-6.5,,325,3,28,,6,,16.5,0,,110.462963,7.99,1.31
Girvan,Scotland,,16.75,,,,3.5,4.5,,2392.857143,,20,,,,,,,2585,,19.4,,,,,,,8.03,,13,,,,4,4,,448.2758621,,15,,,,,,,442.5,,15.38,,,,,,,-1.29,,3.25,,,,,,,192.1428571,,2,,,,,,,-5.775862069,0.23,0.4
Glasgow,Scotland,1986.75,15570.5,1705.25,636,2223.5,4964,2036,2019,536913.7931,2165,16890,1695,770,2015,6160,1730,2360,559385,8.97,8.47,-0.6,21.07,-9.38,24.09,-15.03,16.89,4.19,255,2953,270,233,406,1292,394,104,34741.17647,272.5,3597.5,285,247.5,495,1752.5,435,112.5,38877.5,6.86,21.83,5.56,6.22,21.92,35.64,10.41,8.17,11.91,178.25,1319.5,-10.25,134,-208.5,1196,-306,341,22471.2069,17.5,644.5,15,14.5,89,460.5,41,8.5,4136.323529,508.33,3.37
Gloucester,South West,226,2394.5,226.75,156.75,129.5,1153.5,217.75,284.25,114023.8095,235,2720,285,165,140,1365,210,330,126440,3.98,13.59,25.69,5.26,8.11,18.34,-3.56,16.09,10.89,75,880,49,70,77,473,105,31,10731.70732,80,1045,55,70,82.5,615,105,40,11715,6.67,18.75,12.24,0,7.14,30.02,0,29.03,9.16,9,325.5,58.25,8.25,10.5,211.5,-7.75,45.75,12416.19048,5,165,6,0,5.5,142,0,9,983.2926829,74.82,2.61
Golspie and Brora,Scotland,,25.75,,,,6,8.5,,2145.833333,,20,,,,,,,2300,,-22.33,,,,,,,7.18,,15,,,,4,4,,625,,15,,,,,,,652.5,,0,,,,,,,4.4,,-5.75,,,,,,,154.1666667,,0,,,,,,,27.5,1.06,1.49
Grantham,East Midlands,48.5,802.75,37.25,48.5,35.75,476,50.5,106.25,24325.75758,65,860,45,65,45,505,40,95,25715,34.02,7.13,20.81,34.02,25.87,6.09,-20.79,-10.59,5.71,22,208,13,22,22,91,28,11,3466.666667,20,245,20,32.5,20,115,25,15,3732.5,-9.09,17.79,53.85,47.73,-9.09,26.37,-10.71,36.36,7.67,16.5,57.25,7.75,16.5,9.25,29,-10.5,-11.25,1389.242424,-2,37,7,10.5,-2,24,-3,4,265.8333333,12.95,1.82
Great Yarmouth,East of England,36,258.25,21.5,48.75,9.75,66,59.5,16.75,28694.44444,,300,,,,,,,27530,,16.17,,,,,,,-4.06,11,100,14,14,6,34,17,4,3225.806452,,105,,,,,,,3240,,5,,,,,,,0.44,,41.75,,,,,,,-1164.444444,,5,,,,,,,14.19354839,2.98,0.35
Greenock,Scotland,6,342.5,27.25,14.5,36.75,137.5,65,55.5,20147.05882,,300,,,,,,,20195,,-12.41,,,,,,,0.24,6,106,14,9,10,47,17,4,1737.704918,,117.5,,,,,,,1882.5,,10.85,,,,,,,8.33,,-42.5,,,,,,,47.94117647,,11.5,,,,,,,144.795082,5.29,1.01
Grimsby,Yorkshire and The Humber,82.75,574.25,35.75,62.75,101,208.25,39.75,44,57425,90,655,40,60,115,250,60,,58570,8.76,14.06,11.89,-4.38,13.86,20.05,50.94,,1.99,18,199,23,27,13,88,22,8,5685.714286,20,222.5,25,27.5,15,102.5,27.5,,6207.5,11.11,11.81,8.7,1.85,15.38,16.48,25,,9.18,7.25,80.75,4.25,-2.75,14,41.75,20.25,,1145,2,23.5,2,0.5,2,14.5,5.5,,521.7857143,14.84,0.83
Guildford and Aldershot,South East,3083.75,38266,899.75,825.5,720.25,27054.75,4271.25,1410.75,425177.7778,3135,37130,1090,1175,860,25705,4405,770,442280,1.66,-2.97,21.14,42.34,19.4,-4.99,3.13,-45.42,4.02,416,4770,212,363,400,2664,522,193,36976.74419,430,5472.5,237.5,407.5,485,3180,522.5,210,40437.5,3.37,14.73,12.03,12.26,21.25,19.37,0.1,8.81,9.36,51.25,-1136,190.25,349.5,139.75,-1349.75,133.75,-640.75,17102.22222,14,702.5,25.5,44.5,85,516,0.5,17,3460.755814,995.68,8.11
Halifax,Yorkshire and The Humber,120.5,1828.5,72,135.5,132.75,1044.5,181,142.25,67722.22222,175,2160,75,190,150,1160,240,175,76930,45.23,18.13,4.17,40.22,12.99,11.06,32.6,23.02,13.6,49,606,35,56,46,316,80,25,7973.684211,57.5,737.5,37.5,65,52.5,402.5,85,32.5,8832.5,17.35,21.7,7.14,16.07,14.13,27.37,6.25,30,10.77,54.5,331.5,3,54.5,17.25,115.5,59,32.75,9207.777778,8.5,131.5,2.5,9,6.5,86.5,5,7.5,858.8157895,39.16,1.99
Harrogate,Yorkshire and The Humber,495,2487,292.75,177,98.75,1049.75,191,182.75,75363.63636,595,2905,300,290,140,1295,205,75,92425,20.2,16.81,2.48,63.84,41.77,23.36,7.33,-58.96,22.64,104,699,70,73,58,299,67,29,9077.922078,105,805,72.5,95,67.5,362.5,72.5,27.5,10002.5,0.96,15.16,3.57,30.14,16.38,21.24,8.21,-5.17,10.18,100,418,7.25,113,41.25,245.25,14,-107.75,17061.36364,1,106,2.5,22,9.5,63.5,5.5,-1.5,924.5779221,81.48,3.86
Hartlepool,North East,44.25,177.5,16.5,12.5,9.75,50,33.25,11.25,25357.14286,,250,,,,,,,24940,,40.85,,,,,,,-1.65,11,94,10,10,8,39,11,5,2238.095238,,105,,,,,,,2577.5,,11.7,,,,,,,15.16,,72.5,,,,,,,-417.1428571,,11,,,,,,,339.4047619,3.95,0.65
Hastings,South East,105.5,1141.5,93.5,98.25,89.75,382,277.75,94.75,42277.77778,130,1385,110,120,130,480,310,110,48670,23.22,21.33,17.65,22.14,44.85,25.65,11.61,16.09,15.12,45,586,41,61,66,206,132,35,6584.269663,52.5,680,52.5,77.5,85,235,140,40,7170,16.67,16.04,28.05,27.05,28.79,14.08,6.06,14.29,8.9,24.5,243.5,16.5,21.75,40.25,98,32.25,15.25,6392.222222,7.5,94,11.5,16.5,19,29,8,5,585.7303371,48.49,2.18
Haverfordwest and Milford Haven,Wales,20.5,280.5,36.25,18.25,15.25,85.75,67.75,36.75,35062.5,,340,,,,,,,34555,,21.21,,,,,,,-1.45,10,109,14,8,10,36,19,13,3516.129032,,112.5,,,,,,,3625,,3.21,,,,,,,3.1,,59.5,,,,,,,-507.5,,3.5,,,,,,,108.8709677,3.89,0.59
Hawick and Kelso,Scotland,15.75,105.75,,16,15.5,31.5,21.5,,8812.5,,160,,,,,,,8595,,51.3,,,,,,,-2.47,7,48,,5,7,15,11,,1500,,47.5,,,,,,,1492.5,,-1.04,,,,,,,-0.5,,54.25,,,,,,,-217.5,,-0.5,,,,,,,-7.5,2.11,0.68
Hereford,West Midlands,117.75,1067,112.25,96,51.75,442.5,167,79.75,59277.77778,115,1190,160,95,70,480,200,85,62850,-2.34,11.53,42.54,-1.04,35.27,8.47,19.76,6.58,6.03,43,423,34,40,36,184,57,31,8812.5,40,460,35,42.5,45,200,65,27.5,9092.5,-6.98,8.75,2.94,6.25,25,8.7,14.04,-11.29,3.18,-2.75,123,47.75,-1,18.25,37.5,33,5.25,3572.222222,-3,37,1,2.5,9,16,8,-3.5,280,39.66,1.75
Hexham,North East,47.25,334.25,30,33.25,28,66.25,78.75,50.75,12379.62963,,345,,,,,,,12950,,3.22,,,,,,,4.61,13,135,14,15,19,44,25,6,2647.058824,,142.5,,,,,,,2657.5,,5.56,,,,,,,0.39,,10.75,,,,,,,570.3703704,,7.5,,,,,,,10.44117647,4.72,1.08
High Wycombe and Aylesbury,South East,1280.75,11410,287,514,1164.5,6449,984.5,730.25,203750,2830,14965,370,470,1835,6615,1105,1750,215460,120.96,31.16,28.92,-8.56,57.58,2.57,12.24,139.64,5.75,295,3039,102,215,413,1515,404,95,24119.04762,297.5,3475,122.5,227.5,502.5,1807.5,407.5,110,26672.5,0.85,14.35,20.1,5.81,21.67,19.31,0.87,15.79,10.59,1549.25,3555,83,-44,670.5,166,120.5,1019.75,11710,2.5,436,20.5,12.5,89.5,292.5,3.5,15,2553.452381,490.95,6.89
Huddersfield,Yorkshire and The Humber,155,3270.75,446,351,166,851.25,212.25,1089.25,130830,225,2780,425,370,290,1075,245,160,134440,45.16,-15,-4.71,5.41,74.7,26.28,15.43,-85.31,2.76,75,759,55,94,67,364,71,34,12241.93548,92.5,895,62.5,92.5,72.5,455,77.5,40,13640,23.33,17.92,13.64,-1.6,8.21,25,9.15,17.65,11.42,70,-490.75,-21,19,124,223.75,32.75,-929.25,3610,17.5,136,7.5,-1.5,5.5,91,6.5,6,1398.064516,73.82,2.22
Hull,Yorkshire and The Humber,230.5,2592,244.25,166,201.25,1086.5,215,448.5,185142.8571,455,2860,250,180,170,1455,240,110,188715,97.4,10.34,2.35,8.43,-15.53,33.92,11.63,-75.47,1.93,78,692,68,77,55,304,77,34,15727.27273,92.5,820,85,80,67.5,375,87.5,35,17427.5,18.59,18.5,25,3.9,22.73,23.36,13.64,2.94,10.81,224.5,268,5.75,14,-31.25,368.5,25,-338.5,3572.142857,14.5,128,17,3,12.5,71,10.5,1,1700.227273,103.29,1.89
Huntingdon,East of England,144.75,1930.25,78.5,94,63.75,1208.25,113,228,71490.74074,145,2145,85,110,95,1340,110,250,75405,0.17,11.13,8.28,17.02,49.02,10.9,-2.65,9.65,5.48,60,650,38,50,37,381,49,35,7647.058824,57.5,732.5,45,50,50,450,45,35,8265,-4.17,12.69,18.42,0,35.14,18.11,-8.16,0,8.08,0.25,214.75,6.5,16,31.25,131.75,-3,22,3914.259259,-2.5,82.5,7,0,13,69,-4,0,617.9411765,55.22,3.48
Inverness,Scotland,40.75,995.75,99.5,45.5,229.75,180.5,123.75,276,62234.375,40,1070,110,50,275,225,110,,65580,-1.84,7.46,10.55,9.89,19.7,24.65,-11.11,,5.38,15,199,27,14,26,74,34,10,4627.906977,15,207.5,30,15,30,77.5,30,,4790,0,4.27,11.11,7.14,15.38,4.73,-11.76,,3.5,-0.75,74.25,10.5,4.5,45.25,44.5,-13.75,,3345.625,0,8.5,3,1,4,3.5,-4,,162.0930233,31.03,1.88
Ipswich,East of England,302.5,4187.5,233,162,1027.25,1697.75,513,252,155092.5926,810,5275,310,170,1170,1950,515,360,162825,167.77,25.97,33.05,4.94,13.9,14.86,0.39,42.86,4.99,111,1198,67,87,108,586,169,71,15164.55696,117.5,1272.5,82.5,85,110,632.5,170,75,16247.5,5.86,6.22,23.13,-2.3,1.85,7.94,0.59,5.63,7.14,507.5,1087.5,77,8,142.75,252.25,2,108,7732.407407,6.5,74.5,15.5,-2,2,46.5,1,4,1082.943038,129.56,3.42
Isle of Wight,South East,40.5,748,74.25,39,38.5,290.25,125.25,140.25,41555.55556,40,795,75,40,50,345,105,140,42780,-1.23,6.28,1.01,2.56,29.87,18.86,-16.17,-0.18,2.95,23,265,25,24,23,105,43,23,4732.142857,22.5,292.5,27.5,22.5,25,130,42.5,22.5,4910,-2.17,10.38,10,-6.25,8.7,23.81,-1.16,-2.17,3.76,-0.5,47,0.75,1,11.5,54.75,-20.25,-0.25,1224.444444,-0.5,27.5,2.5,-1.5,2,25,-0.5,-0.5,177.8571429,13.44,0.7
Kendal,North West,76.5,720.75,77,35.25,105.5,273.5,123.25,29.75,34321.42857,70,795,90,45,115,315,130,40,35115,-8.5,10.3,16.88,27.66,9,15.17,5.48,34.45,2.31,28,243,31,23,27,91,32,12,4959.183673,25,267.5,32.5,25,32.5,102.5,30,17.5,5067.5,-10.71,10.08,4.84,8.7,20.37,12.64,-6.25,45.83,2.18,-6.5,74.25,13,9.75,9.5,41.5,6.75,10.25,793.5714286,-3,24.5,1.5,2,5.5,11.5,-2,5.5,108.3163265,29.52,1.85
Kettering and Wellingborough,East Midlands,171.75,1455.25,123.25,160.75,58.5,641.75,134.25,165,72762.5,145,1695,190,215,65,765,140,175,82310,-15.57,16.47,54.16,33.75,11.11,19.21,4.28,6.06,13.12,49,541,32,58,37,298,46,23,10820,55,650,40,65,40,375,50,25,12100,12.24,20.15,25,12.07,8.11,25.84,8.7,8.7,11.83,-26.75,239.75,66.75,54.25,6.5,123.25,5.75,10,9547.5,6,109,8,7,3,77,4,2,1280,51.7,2.14
Kilmarnock and Irvine,Scotland,7.75,422.25,57.25,44.75,28,180,61,43.5,46916.66667,,515,,,,,,,47770,,21.97,,,,,,,1.82,7,184,24,22,19,84,24,5,4842.105263,,230,,,,,,,5285,,25,,,,,,,9.15,,92.75,,,,,,,853.3333333,,46,,,,,,,442.8947368,11.51,0.59
King's Lynn,East of England,57.5,564.75,104,48.5,68.5,164.75,90.5,31,43442.30769,55,700,160,100,80,170,90,45,45855,-4.35,23.95,53.85,106.19,16.79,3.19,-0.55,45.16,5.55,25,249,26,25,24,87,44,17,5790.697674,30,290,30,35,35,107.5,40,17.5,6072.5,20,16.47,15.38,40,45.83,23.56,-9.09,2.94,4.87,-2.5,135.25,56,51.5,11.5,5.25,-0.5,14,2412.692308,5,41,4,10,11,20.5,-4,0.5,281.8023256,9.72,0.68
Kingsbridge and Dartmouth,South West,13.75,293,49.5,22,48.25,79.25,35.75,44.5,10464.28571,,325,60,35,40,90,45,,11160,,10.92,21.21,59.09,-17.1,13.56,25.87,,6.65,8,129,18,13,25,36,23,7,2433.962264,,152.5,22.5,17.5,30,42.5,25,,2520,,18.22,25,34.62,20,18.06,8.7,,3.53,,32,10.5,13,-8.25,10.75,9.25,,695.7142857,,23.5,4.5,4.5,5,6.5,2,,86.03773585,5.52,1.57
Lancaster and Morecambe,North West,104.25,915.25,55.25,21,112.25,382,73.25,167.25,43583.33333,100,870,65,25,,470,65,,43515,-4.08,-4.94,17.65,19.05,,23.04,-11.26,,-0.16,21,207,14,14,14,103,31,10,4500,25,255,22.5,17.5,,140,27.5,,4855,19.05,23.19,60.71,25,,35.92,-11.29,,7.89,-4.25,-45.25,9.75,4,,88,-8.25,,-68.33333333,4,48,8.5,3.5,,37,-3.5,,355,28.49,1.74
Launceston,South West,24.75,168.25,22,10.75,4.25,40,35.75,30.75,8011.904762,,185,,,,,,,8460,,9.96,,,,,,,5.59,6,70,7,6,3,26,17,6,1944.444444,,75,,,,,,,1992.5,,7.14,,,,,,,2.47,,16.75,,,,,,,448.0952381,,5,,,,,,,48.05555556,2.46,0.91
Leamington Spa,West Midlands,415.25,6874.5,301.25,472.5,284.5,3796.5,1332.75,271.75,152766.6667,440,7400,380,480,320,4060,1475,240,156560,5.96,7.64,26.14,1.59,12.48,6.94,10.67,-11.68,2.48,128,1406,104,166,95,691,164,60,14800,152.5,1635,107.5,192.5,112.5,835,167.5,67.5,16455,19.14,16.29,3.37,15.96,18.42,20.84,2.13,12.5,11.18,24.75,525.5,78.75,7.5,35.5,263.5,142.25,-31.75,3793.333333,24.5,229,3.5,26.5,17.5,144,3.5,7.5,1655,241.63,5.89
Leeds,Yorkshire and The Humber,2985.25,12380.5,750,626.5,782.25,5431.5,1258.5,546.5,619025,3590,17365,990,820,765,8980,1530,690,582000,20.26,40.26,32,30.89,-2.21,65.33,21.57,26.26,-5.98,318,2490,153,206,218,1243,257,95,27977.52809,352.5,3002.5,185,225,260,1605,277.5,100,32202.5,10.85,20.58,20.92,9.22,19.27,29.12,7.98,5.26,15.1,604.75,4984.5,240,193.5,-17.25,3548.5,271.5,143.5,-37025,34.5,512.5,32,19,42,362,20.5,5,4224.97191,490.05,5.17
Leicester,East Midlands,780.75,11251.75,892.25,940,574,3612.75,669.25,3782.75,450070,900,12550,1835,1200,580,4225,695,3120,480435,15.27,11.54,105.66,27.66,1.05,16.95,3.85,-17.52,6.75,208,2182,132,296,142,1104,219,83,35193.54839,225,2732.5,152.5,320,170,1530,240,95,41060,8.17,25.23,15.53,8.11,19.72,38.59,9.59,14.46,16.67,119.25,1298.25,942.75,260,6,612.25,25.75,-662.75,30365,17,550.5,20.5,24,28,426,21,12,5866.451613,247.95,2.33
Lincoln,East Midlands,191.75,2449.25,355,159.75,303,979.5,265.5,194.75,128907.8947,180,2975,440,165,300,1485,265,155,134900,-6.13,21.47,23.94,3.29,-0.99,51.61,-0.19,-20.41,4.65,65,644,72,63,54,269,92,31,12880,65,727.5,90,67.5,57.5,312.5,100,37.5,13622.5,0,12.97,25,7.14,6.48,16.17,8.7,20.97,5.76,-11.75,525.75,85,5.25,-3,505.5,-0.5,-39.75,5992.105263,0,83.5,18,4.5,3.5,43.5,8,6.5,742.5,49.62,1.29
Liskeard,South West,104.75,337.75,29.25,17,13.25,60.75,35.75,77,13510,,220,,,,,,,13950,,-34.86,,,,,,,3.26,8,100,13,8,7,38,22,5,2564.102564,,110,,,,,,,2655,,10,,,,,,,3.55,,-117.75,,,,,,,440,,10,,,,,,,90.8974359,3.94,1.03
Liverpool,North West,663.75,5046.25,492.75,323.5,622.75,1630.5,981,332,360446.4286,730,6010,620,365,780,2120,1100,295,383475,9.98,19.1,25.82,12.83,25.25,30.02,12.13,-11.14,6.39,183,1615,118,142,138,712,250,73,25234.375,205,1917.5,127.5,137.5,162.5,927.5,277.5,82.5,29395,12.02,18.73,8.05,-3.17,17.75,30.27,11,13.01,16.49,66.25,963.75,127.25,41.5,157.25,489.5,119,-37,23028.57143,22,302.5,9.5,-4.5,24.5,215.5,27.5,9.5,4160.625,243.19,1.99
Livingston,Scotland,26.5,1006.5,63.5,18.5,37,767.75,49,44.25,62906.25,25,1310,70,20,25,1050,65,55,66720,-5.66,30.15,10.24,8.11,-32.43,36.76,32.65,24.29,6.06,19,398,23,13,15,306,13,9,4913.580247,17.5,520,20,15,17.5,420,17.5,15,5510,-7.89,30.65,-13.04,15.38,16.67,37.25,34.62,66.67,12.14,-1.5,303.5,6.5,1.5,-12,282.25,16,10.75,3813.75,-1.5,122,-3,2,2.5,114,4.5,6,596.4197531,40.98,2.3
Llandrindod Wells and Builth Wells,Wales,7,135.5,30,8,26.25,31.75,29.5,3,16937.5,,140,,,,,,,15760,,3.32,,,,,,,-6.95,5,63,7,6,9,21,13,3,2172.413793,,62.5,,,,,,,2195,,-0.79,,,,,,,1.04,,4.5,,,,,,,-1177.5,,-0.5,,,,,,,22.5862069,1.95,0.81
Llanelli,Wales,13.75,818.5,49.25,45.25,426.75,163.5,85.25,34.75,54566.66667,,820,70,40,350,170,140,40,56045,,0.18,42.13,-11.6,-17.98,3.98,64.22,15.11,2.71,10,216,18,20,25,89,42,12,7200,,247.5,20,20,35,100,40,15,7422.5,,14.58,11.11,0,40,12.36,-4.76,25,3.09,,1.5,20.75,-5.25,-76.75,6.5,54.75,5.25,1478.333333,,31.5,2,0,10,11,-2,3,222.5,12.4,0.81
Lochgilphead,Scotland,,48.5,15.5,,,7.5,17.75,,9700,,50,,,,,,,7860,,3.09,,,,,,,-18.97,,22,6,,,3,8,,536.5853659,,20,,,,,,,517.5,,-9.09,,,,,,,-3.56,,1.5,,,,,,,-1840,,-2,,,,,,,-19.08536585,0.47,0.44
London,London,63168.25,409073,21245.5,16537,94059.5,109948,46477.75,57637,6015779.412,78060,487035,26395,21000,107965,147055,50250,56315,6644605,23.57,19.06,24.24,26.99,14.78,33.75,8.12,-2.29,10.45,7142,73422,3303,5927,12695,27708,13717,2930,486238.4106,8512.5,90752.5,4127.5,7362.5,15015,37960,14420,3350,587985,19.19,23.6,24.96,24.22,18.27,37,5.13,14.33,20.93,14891.75,77962,5149.5,4463,13905.5,37107,3772.25,-1322,628825.5882,1370.5,17330.5,824.5,1435.5,2320,10252,703,420,101746.5894,29102.23,11.69
Lowestoft,East of England,30.5,559.5,46.5,64.5,80.25,157.75,103.5,76.5,29447.36842,40,620,45,75,80,200,105,75,30255,31.15,10.81,-3.23,16.28,-0.31,26.78,1.45,-1.96,2.74,15,217,19,29,27,67,42,18,4340,17.5,237.5,22.5,30,27.5,80,37.5,20,4512.5,16.67,9.45,18.42,3.45,1.85,19.4,-10.71,11.11,3.97,9.5,60.5,-1.5,10.5,-0.25,42.25,1.5,-1.5,807.6315789,2.5,20.5,3.5,1,0.5,13,-4.5,2,172.5,7.67,0.78
Ludlow,West Midlands,23,379.5,23.75,30.75,15.25,157,95,34.75,16500,,410,30,,,180,105,35,18960,,8.04,26.32,,,14.65,10.53,0.72,14.91,10,182,15,18,11,69,42,17,4044.444444,,182.5,15,,,72.5,42.5,17.5,4110,,0.27,0,,,5.07,1.19,2.94,1.62,,30.5,6.25,,,23,10,0.25,2460,,0.5,0,,,3.5,0.5,0.5,65.55555556,7.35,1.01
Luton,East of England,775.5,17511.5,655.75,671,830,12755,939.75,884.5,547234.375,825,22170,1005,910,2105,14475,1005,1845,623330,6.38,26.6,53.26,35.62,153.61,13.48,6.94,108.59,13.91,317,4052,154,272,404,2332,439,135,33766.66667,347.5,5057.5,185,320,555,3020,482.5,147.5,41385,9.62,24.81,20.13,17.65,37.38,29.5,9.91,9.26,22.56,49.5,4658.5,349.25,239,1275,1720,65.25,960.5,76095.625,30.5,1005.5,31,48,151,688,43.5,12.5,7618.333333,396.79,5.4
Malton,Yorkshire and The Humber,10.75,280.5,33.5,38.25,16.5,109.5,61,11,20035.71429,,290,,,,,,,23270,,3.39,,,,,,,16.14,5,115,14,15,8,45,22,7,3285.714286,,110,,,,,,,3350,,-4.35,,,,,,,1.96,,9.5,,,,,,,3234.285714,,-5,,,,,,,64.28571429,10.46,1.83
Manchester,North West,7698.5,41040.25,2577.25,1924.5,11953.5,12553.5,2953,1380,1172578.571,7730,48515,3695,2320,12830,16785,2980,2180,1237180,0.41,18.21,43.37,20.55,7.33,33.71,0.91,57.97,5.51,991,7565,464,610,837,3532,864,268,94562.5,1070,9182.5,525,695,1090,4522.5,952.5,325,111467.5,7.97,21.38,13.15,13.93,30.23,28.04,10.24,21.27,17.88,31.5,7474.75,1117.75,395.5,876.5,4231.5,27,800,64601.42857,79,1617.5,61,85,253,990.5,88.5,57,16905,1459.4,3.74
Mansfield,East Midlands,66.75,1128.75,54,152.5,83,621.75,106.5,44.25,125416.6667,45,1155,60,120,75,695,115,45,138040,-32.58,2.33,11.11,-21.31,-9.64,11.78,7.98,1.69,10.07,32,380,25,40,30,200,40,14,8260.869565,20,400,30,37.5,30,220,47.5,15,9010,-37.5,5.26,20,-6.25,0,10,18.75,7.14,9.07,-21.75,26.25,6,-32.5,-8,73.25,8.5,0.75,12623.33333,-12,20,5,-2.5,0,20,7.5,1,749.1304348,33.22,1.07
Margate and Ramsgate,South East,54,761.75,34.5,91,97.75,304.5,113.5,66.5,38087.5,70,960,40,100,95,430,155,70,39560,29.63,26.03,15.94,9.89,-2.81,41.22,36.56,5.26,3.87,20,310,18,42,43,109,55,24,5081.967213,25,412.5,22.5,50,62.5,145,77.5,32.5,5727.5,25,33.06,25,19.05,45.35,33.03,40.91,35.42,12.7,16,198.25,5.5,9,-2.75,125.5,41.5,3.5,1472.5,5,102.5,4.5,8,19.5,36,22.5,8.5,645.5327869,43.4,2.05
Medway,South East,609.75,4835.75,448.25,334,287.5,2059.5,337,759.75,219806.8182,655,5675,535,355,320,2615,350,850,225870,7.42,17.36,19.35,6.29,11.3,26.97,3.86,11.88,2.76,161,1592,105,156,112,798,186,76,21808.21918,185,1862.5,140,162.5,140,970,187.5,80,24690,14.91,16.99,33.33,4.17,25,21.55,0.81,5.26,13.21,45.25,839.25,86.75,21,32.5,555.5,13,90.25,6063.181818,24,270.5,35,6.5,28,172,1.5,4,2881.780822,328.63,3.7
Merthyr Tydfil,Wales,19.25,428.25,37,54.5,37,170,51.75,58.75,42825,,475,40,50,40,195,70,,41700,,10.92,8.11,-8.26,8.11,14.71,35.27,,-2.63,9,187,16,22,25,78,25,13,5054.054054,,215,20,20,25,95,32.5,,5470,,14.97,25,-9.09,0,21.79,30,,8.23,,46.75,3,-4.5,3,25,18.25,,-1125,,28,4,-2,0,17,7.5,,415.9459459,8.81,0.62
Middlesbrough and Stockton,North East,228.5,1766,228.25,169.5,78.25,807.5,217.75,36.25,135846.1538,405,2515,260,200,105,1200,295,45,143345,77.24,42.41,13.91,17.99,34.19,48.61,35.48,24.14,5.52,54,581,75,82,42,247,68,13,12104.16667,55,642.5,80,80,52.5,295,65,17.5,13645,1.85,10.59,6.67,-2.44,25,19.43,-4.41,34.62,12.73,176.5,749,31.75,30.5,26.75,392.5,77.25,8.75,7498.846154,1,61.5,5,-2,10.5,48,-3,4.5,1540.833333,68.33,1.61
Milton Keynes,South East,576.75,9071.75,247.5,285.5,300,6866.75,471.25,324,266816.1765,535,9950,320,345,345,7575,525,310,292235,-7.24,9.68,29.29,20.84,15,10.31,11.41,-4.32,9.53,171,2351,64,124,149,1599,171,74,18658.73016,170,3132.5,80,137.5,177.5,2307.5,180,77.5,22067.5,-0.58,33.24,25,10.89,19.13,44.31,5.26,4.73,18.27,-41.75,878.25,72.5,59.5,45,708.25,53.75,-14,25418.82353,-1,781.5,16,13.5,28.5,708.5,9,3.5,3408.769841,432.56,6.51
Minehead,South West,7,121.75,16.75,12.75,11,22.5,18,33.75,6763.888889,,120,,,,,,,7145,,-1.44,,,,,,,5.63,6,60,6,5,9,14,15,7,1463.414634,,62.5,,,,,,,1505,,4.17,,,,,,,2.84,,-1.75,,,,,,,381.1111111,,2.5,,,,,,,41.58536585,2.07,0.95
Motherwell and Airdrie,Scotland,62,1123,77.75,106.25,57.5,649.25,147.75,22.5,124777.7778,55,1370,85,105,75,890,95,,139235,-11.29,21.99,9.32,-1.18,30.43,37.08,-35.7,,11.59,34,468,40,36,29,272,47,11,10173.91304,30,575,47.5,35,35,365,52.5,,11325,-11.76,22.86,18.75,-2.78,20.69,34.19,11.7,,11.31,-7,247,7.25,-1.25,17.5,240.75,-52.75,,14457.22222,-4,107,7.5,-1,6,93,5.5,,1151.086957,47.81,1.16
Mull and Islay,Scotland,,37.25,,,,6.75,20,6.75,2328.125,,55,,,,,,,2490,,47.65,,,,,,,6.95,,13,,,,4,4,3,619.047619,,15,,,,,,,630,,15.38,,,,,,,1.77,,17.75,,,,,,,161.875,,2,,,,,,,10.95238095,0.82,0.75
Newbury,South East,265,5623.75,80.25,118,154.5,3594.25,342,1069.75,74983.33333,360,5305,95,140,220,3930,355,210,81955,35.85,-5.67,18.38,18.64,42.39,9.34,3.8,-80.37,9.3,85,959,37,66,68,579,97,28,8267.241379,82.5,1070,40,75,77.5,677.5,95,22.5,8832.5,-2.94,11.57,8.11,13.64,13.97,17.01,-2.06,-19.64,6.84,95,-318.75,14.75,22,65.5,335.75,13,-859.75,6971.666667,-2.5,111,3,9,9.5,98.5,-2,-5.5,565.2586207,160.07,6.72
Newcastle,North East,1024.5,10510.75,770,530.5,489.75,5879.75,1338.75,477.5,500511.9048,1100,12065,810,615,470,7010,1555,500,509405,7.37,14.79,5.19,15.93,-4.03,19.22,16.15,4.71,1.78,210,1815,125,208,190,795,216,71,26304.34783,210,2190,147.5,197.5,195,1115,245,80,29192.5,0,20.66,18,-5.05,2.63,40.25,13.43,12.68,10.98,75.5,1554.25,40,84.5,-19.75,1130.25,216.25,22.5,8893.095238,0,375,22.5,-10.5,5,320,29,9,2888.152174,299.91,3.06
Newport,Wales,67.75,1541.75,105.5,95.5,64.5,1045.75,87.75,75,128479.1667,95,1680,115,110,85,1120,80,80,127690,40.22,8.97,9,15.18,31.78,7.1,-8.83,6.67,-0.61,31,516,32,47,34,310,40,22,8600,35,602.5,37.5,40,50,370,42.5,25,9565,12.9,16.76,17.19,-14.89,47.06,19.35,6.25,13.64,11.22,27.25,138.25,9.5,14.5,20.5,74.25,-7.75,5,-789.1666667,4,86.5,5.5,-7,16,60,2.5,3,965,40.85,1.67
Newry and Banbridge,Northern Ireland,109,752.25,85,43.25,34,365.25,19.25,96.5,39592.10526,35,860,85,70,,550,,,42605,-67.89,14.32,0,61.85,,50.58,,,7.61,14,160,28,17,12,68,11,11,6956.521739,17.5,185,30,22.5,,82.5,,,7470,25,15.62,7.14,32.35,,21.32,,,7.38,-74,107.75,0,26.75,,184.75,,,3012.894737,3.5,25,2,5.5,,14.5,,,513.4782609,,
Newton Stewart,Scotland,,30,,,,6.5,,,3000,,,,,,,,,,,,,,,,,,,,12,,,,5,,,705.8823529,,,,,,,,,,,,,,,,,,,,,,,,,,,,,,,,,,,,,0.23,0.19
Newtown and Welshpool,Wales,28.25,180.5,20.75,18.25,17,60,25.5,10.75,16409.09091,35,190,,,,65,20,,16530,23.89,5.26,,,,8.33,-21.57,,0.74,14,97,9,12,8,33,15,7,3464.285714,15,100,,,,37.5,15,,3440,7.14,3.09,,,,13.64,0,,-0.7,6.75,9.5,,,,5,-5.5,,120.9090909,1,3,,,,4.5,0,,-24.28571429,3.45,0.74
Northallerton,Yorkshire and The Humber,63.75,593,79,52.5,54.75,227.75,90.25,25,59300,70,680,105,55,40,300,95,,60270,9.8,14.67,32.91,4.76,-26.94,31.72,5.26,,1.64,34,222,28,26,18,75,33,10,6166.666667,32.5,260,32.5,25,20,97.5,40,,6370,-4.41,17.12,16.07,-3.85,11.11,30,21.21,,3.3,6.25,87,26,2.5,-14.75,72.25,4.75,,970,-1.5,38,4.5,-1,2,22.5,7,,203.3333333,20.12,1.5
Northampton,East Midlands,369,4118,229.5,280,695.5,1649.25,731,163.75,196095.2381,405,4620,260,295,525,2120,835,170,227045,9.76,12.19,13.29,5.36,-24.51,28.54,14.23,3.82,15.78,106,1157,67,129,87,598,125,46,14833.33333,102.5,1347.5,80,127.5,92.5,780,120,42.5,17470,-3.3,16.46,19.4,-1.16,6.32,30.43,-4,-7.61,17.78,36,502,30.5,15,-170.5,470.75,104,6.25,30949.7619,-3.5,190.5,13,-1.5,5.5,182,-5,-3.5,2636.666667,105.38,2.55
Norwich,East of England,872.5,6469.75,468,274.5,424.25,1338.25,586.25,2506,208701.6129,980,6840,640,300,410,1605,645,2255,218750,12.32,5.72,36.75,9.29,-3.36,19.93,10.02,-10.02,4.81,132,1241,71,115,141,545,164,74,18250,152.5,1392.5,85,120,157.5,627.5,180,75,19752.5,15.53,12.21,19.72,4.35,11.7,15.14,9.76,1.35,8.23,107.5,370.25,172,25.5,-14.25,266.75,58.75,-251,10048.3871,20.5,151.5,14,5,16.5,82.5,16,1,1502.5,149.16,3.14
Nottingham,East Midlands,825,8353.5,520,586.25,1692.75,3762,634.75,332.75,397785.7143,915,9350,655,765,1400,4520,685,415,425940,10.91,11.93,25.96,30.49,-17.29,20.15,7.92,24.72,7.08,181,1922,136,201,153,982,192,78,24961.03896,192.5,2265,157.5,200,165,1250,207.5,95,28297.5,6.35,17.85,15.81,-0.5,7.84,27.29,8.07,21.79,13.37,90,996.5,135,178.75,-292.75,758,50.25,82.25,28154.28571,11.5,343,21.5,-1,12,268,15.5,17,3336.461039,240.74,2.82
Oban,Scotland,,120.25,14.25,5.25,14.25,6.5,,,4453.703704,,120,,,,,,,4730,,-0.21,,,,,,,6.2,,20,3,3,4,5,,,869.5652174,,22.5,,,,,,,887.5,,12.5,,,,,,,2.06,,-0.25,,,,,,,276.2962963,,2.5,,,,,,,17.93478261,0.82,0.38
Omagh and Strabane,Northern Ireland,2.75,259.25,34,48.75,40.75,24,7.25,101.75,25925,,240,,,,,,,28330,,-7.43,,,,,,,9.28,3,58,13,9,8,13,5,7,4833.333333,,55,,,,,,,5342.5,,-5.17,,,,,,,10.53,,-19.25,,,,,,,2405,,-3,,,,,,,509.1666667,,
Orkney Islands,Scotland,,126.25,6.75,6,10,16.5,30.5,56.5,9711.538462,,110,,,,,,,9470,,-12.87,,,,,,,-2.49,,33,4,4,4,8,9,4,1500,,30,,,,,,,1495,,-9.09,,,,,,,-0.33,,-16.25,,,,,,,-241.5384615,,-3,,,,,,,-5,1.76,0.61
Oswestry,West Midlands,49.75,274.75,34.25,32.25,6,93,30.5,29,18316.66667,,275,35,,,105,20,,20110,,0.09,2.19,,,12.9,-34.43,,9.79,14,120,15,13,6,49,15,9,3000,,120,15,,,50,15,,3110,,0,0,,,2.04,0,,3.67,,0.25,0.75,,,12,-10.5,,1793.333333,,0,0,,,1,0,,110,4.9,0.77
Oxford,South East,4252.25,17941.25,665.25,644.75,588,5104.75,932,5754.25,309331.8966,4055,19310,630,650,645,6305,915,6110,340040,-4.64,7.63,-5.3,0.81,9.69,23.51,-1.82,6.18,9.93,232,2882,164,228,274,1326,445,214,26440.36697,225,3200,177.5,245,325,1560,437.5,230,28482.5,-3.02,11.03,8.23,7.46,18.61,17.65,-1.69,7.48,7.72,-197.25,1368.75,-35.25,5.25,57,1200.25,-17,355.75,30708.10345,-7,318,13.5,17,51,234,-7.5,16,2042.133028,739.82,6.92
Pembroke and Tenby,Wales,21.25,160,40.75,11.75,7.5,34,23.75,21,8888.888889,,160,,,,,,,9255,,0,,,,,,,4.12,7,59,8,7,6,19,9,4,1552.631579,,55,,,,,,,1510,,-6.78,,,,,,,-2.75,,0,,,,,,,366.1111111,,-4,,,,,,,-42.63157895,1.59,0.55
Penrith,North West,8.5,363.5,55,83.5,55.25,58.25,65.5,37.5,20194.44444,,365,,,,,,,20465,,0.41,,,,,,,1.34,4,97,16,10,12,24,27,3,3464.285714,,97.5,,,,,,,3462.5,,0.52,,,,,,,-0.05,,1.5,,,,,,,270.5555556,,0.5,,,,,,,-1.785714286,3.22,0.39
Penzance,South West,33,1344.75,46,29.75,978.75,59.5,151,46.75,16399.39024,,1345,50,35,975,70,150,40,17495,,0.02,8.7,17.65,-0.38,17.65,-0.66,-14.44,6.68,9,158,12,18,19,32,50,17,2548.387097,,165,15,20,22.5,37.5,47.5,15,2627.5,,4.43,25,11.11,18.42,17.19,-5,-11.76,3.1,,0.25,4,5.25,-3.75,10.5,-1,-6.75,1095.609756,,7,3,2,3.5,5.5,-2.5,-2,79.11290323,12.07,2.08
Perth,Scotland,45.5,600.75,69,51.75,40,216.25,142.5,35.75,85821.42857,55,760,65,65,40,285,225,,92740,20.88,26.51,-5.8,25.6,0,31.79,57.89,,8.06,14,241,26,26,16,123,23,14,4918.367347,20,272.5,27.5,25,20,147.5,22.5,,5112.5,42.86,13.07,5.77,-3.85,25,19.92,-2.17,,3.95,9.5,159.25,-4,13.25,0,68.75,82.5,,6918.571429,6,31.5,1.5,-1,4,24.5,-0.5,,194.1326531,18.01,1.22
Peterborough,East of England,361,18654,315,215,1709.25,1497,225.5,14331.25,175981.1321,380,12985,375,260,175,1615,210,9965,178090,5.26,-30.39,19.05,20.93,-89.76,7.88,-6.87,-30.47,1.2,105,1006,75,93,69,480,103,81,13413.33333,110,1165,75,95,82.5,602.5,110,90,15310,4.76,15.81,0,2.15,19.57,25.52,6.8,11.11,14.14,19,-5669,60,45,-1534.25,118,-15.5,-4366.25,2108.867925,5,159,0,2,13.5,122.5,7,9,1896.666667,114.03,3.46
Peterhead,Scotland,,87.5,27.25,6.25,15.25,30,4.75,,10937.5,,95,,,,,,,11245,,8.57,,,,,,,2.81,,38,7,4,4,17,3,,1727.272727,,35,,,,,,,1797.5,,-7.89,,,,,,,4.07,,7.5,,,,,,,307.5,,-3,,,,,,,70.22727273,1.53,0.4
Pitlochry and Aberfeldy,Scotland,6.75,178.25,32.25,3,,16.5,107.25,10.25,4456.25,,170,,,,,,,4650,,-4.63,,,,,,,4.35,4,36,8,3,,9,8,4,837.2093023,,35,,,,,,,872.5,,-2.78,,,,,,,4.22,,-8.25,,,,,,,193.75,,-1,,,,,,,35.29069767,1.29,0.75
Plymouth,South West,178.25,2410,230.5,158.5,376.25,640.75,695.25,130.5,100416.6667,260,2575,260,150,415,750,620,135,108415,45.86,6.85,12.8,-5.36,10.3,17.05,-10.82,3.45,7.97,58,499,55,56,55,183,62,31,9596.153846,70,562.5,60,55,57.5,217.5,67.5,37.5,10195,20.69,12.73,9.09,-1.79,4.55,18.85,8.87,20.97,6.24,81.75,165,29.5,-8.5,38.75,109.25,-75.25,4.5,7998.333333,12,63.5,5,-1,2.5,34.5,5.5,6.5,598.8461538,52.01,1.64
Poole,South West,226.5,2231,121,151,139.5,1253,252.75,87.25,79678.57143,240,2540,150,170,215,1440,240,85,86820,5.96,13.85,23.97,12.58,54.12,14.92,-5.04,-2.58,8.96,74,740,49,59,56,397,69,38,9250,72.5,812.5,60,65,57.5,442.5,75,40,9885,-2.03,9.8,22.45,10.17,2.68,11.46,8.7,5.26,6.86,13.5,309,29,19,75.5,187,-12.75,-2.25,7141.428571,-1.5,72.5,11,6,1.5,45.5,6,2,635,80.47,3.68
Portree,Scotland,,87.5,,7,,48,19.25,,2187.5,,95,,,,,,,2250,,8.57,,,,,,,2.86,,18,,3,,7,3,,580.6451613,,15,,,,,,,600,,-16.67,,,,,,,3.33,,7.5,,,,,,,62.5,,-3,,,,,,,19.35483871,0.47,0.61
Portsmouth,South East,405.75,4222.5,245.5,266.25,178.25,2376.5,479,271.25,183586.9565,665,5290,295,295,185,2930,565,355,193720,63.89,25.28,20.16,10.8,3.79,23.29,17.95,30.88,5.52,115,1416,91,120,102,811,122,55,17924.05063,117.5,1627.5,107.5,142.5,115,947.5,132.5,65,19887.5,2.17,14.94,18.13,18.75,12.75,16.83,8.61,18.18,10.95,259.25,1067.5,49.5,28.75,6.75,553.5,86,83.75,10133.04348,2.5,211.5,16.5,22.5,13,136.5,10.5,10,1963.449367,311.6,3.88
Preston,North West,374.5,2628.75,269,164.5,145.75,1126.75,378,170.25,187767.8571,363.3333333,3030,286.6666667,173.3333333,213.3333333,1463.333333,510,150,196083.6364,-2.98,15.26,6.57,5.37,46.37,29.87,34.92,-11.89,4.43,108,903,67,83,64,457,92,33,16125,108.3333333,1055,65,91.66666667,80,610,101.6666667,40,17727.27273,0.31,16.83,-2.99,10.44,25,33.48,10.51,21.21,9.94,-11.16666667,401.25,17.66666667,8.833333333,67.58333333,336.5833333,132,-20.25,8315.779221,0.333333333,152,-2,8.666666667,16,153,9.666666667,7,1602.272727,115.81,1.94
Pwllheli and Porthmadog,Wales,14.25,110.25,10.5,14.75,19,13.5,30.25,8,9187.5,,120,,,,,,,9345,,8.84,,,,,,,1.71,4,58,4,6,11,12,16,5,1870.967742,,55,,,,,,,1852.5,,-5.17,,,,,,,-0.99,,9.75,,,,,,,157.5,,-3,,,,,,,-18.46774194,1.86,0.61
Reading,South East,3950.25,31141,563.25,696.75,576.5,24339.25,623.25,391.75,338489.1304,3455,44405,610,615,695,37370,665,990,392125,-12.54,42.59,8.3,-11.73,20.56,53.54,6.7,152.71,15.85,324,4460,134,239,258,3118,275,112,29932.88591,340,5247.5,150,265,307.5,3805,265,115,33417.5,4.94,17.66,11.94,10.88,19.19,22.03,-3.64,2.68,11.64,-495.25,13264,46.75,-81.75,118.5,13030.75,41.75,598.25,53635.86957,16,787.5,16,26,49.5,687,-10,3,3484.614094,1051.07,10.38
Redruth and Truro,South West,149.75,1091,102.5,110.25,219.25,249.25,206.25,53.75,60611.11111,210,1450,115,160,220,460,235,50,57560,40.23,32.91,12.2,45.12,0.34,84.55,13.94,-6.98,-5.03,30,271,25,34,31,99,34,19,5211.538462,35,315,27.5,42.5,30,127.5,40,17.5,5552.5,16.67,16.24,10,25,-3.23,28.79,17.65,-7.89,6.54,60.25,359,12.5,49.75,0.75,210.75,28.75,-3.75,-3051.111111,5,44,2.5,8.5,-1,28.5,6,-1.5,340.9615385,41.37,2.7
Rhyl,Wales,172,581.5,32.75,69.5,20.25,193.25,45.25,48.5,58150,285,785,35,80,35,255,35,,61030,65.7,35,6.87,15.11,72.84,31.95,-22.65,,4.95,20,209,20,19,14,102,24,12,5358.974359,20,240,20,22.5,17.5,130,22.5,,5630,0,14.83,0,18.42,25,27.45,-6.25,,5.06,113,203.5,2.25,10.5,14.75,61.75,-10.25,,2880,0,31,0,3.5,3.5,28,-1.5,,271.025641,9.69,0.81
Salisbury,South West,198.5,1467.5,92.5,104.75,91.75,613.75,256.75,109.5,41928.57143,175,1455,110,115,90,610,245,115,48900,-11.84,-0.85,18.92,9.79,-1.91,-0.61,-4.58,5.02,16.63,43,508,33,38,51,225,88,31,6597.402597,52.5,595,40,45,62.5,282.5,85,27.5,7067.5,22.09,17.13,21.21,18.42,22.55,25.56,-3.41,-11.29,7.13,-23.5,-12.5,17.5,10.25,-1.75,-3.75,-11.75,5.5,6971.428571,9.5,87,7,7,11.5,57.5,-3,-3.5,470.0974026,28.03,1.88
Scarborough,Yorkshire and The Humber,38.75,383.75,13.25,33.25,55.5,94.5,139.25,9.25,22573.52941,,545,,,,,,,23120,,42.02,,,,,,,2.42,12,106,6,11,9,41,23,7,2864.864865,,122.5,,,,,,,2890,,15.57,,,,,,,0.88,,161.25,,,,,,,546.4705882,,16.5,,,,,,,25.13513514,7.77,0.96
Scunthorpe,Yorkshire and The Humber,32,394.5,27.5,27.5,49.75,154.5,91.75,11.5,43833.33333,,395,,,,,,,48835,,0.13,,,,,,,11.41,16,170,16,14,19,73,25,8,5312.5,,192.5,,,,,,,5632.5,,13.24,,,,,,,6.02,,0.5,,,,,,,5001.666667,,22.5,,,,,,,320,7.67,0.52
Sheffield,Yorkshire and The Humber,620.5,6420.75,727.5,502.75,497,2954.5,719.75,398.75,321037.5,605,7230,890,575,450,3530,775,405,357085,-2.5,12.6,22.34,14.37,-9.46,19.48,7.68,1.57,11.23,159,1696,123,166,173,750,250,75,22918.91892,152.5,1967.5,155,167.5,200,940,275,82.5,25785,-4.09,16.01,26.02,0.9,15.61,25.33,10,10,12.51,-15.5,809.25,162.5,72.25,-47,575.5,55.25,6.25,36047.5,-6.5,271.5,32,1.5,27,190,25,7.5,2866.081081,248.12,3.07
Shetland Islands,Scotland,8.75,230.5,18.5,13.75,99.5,23,17,50,12131.57895,,225,,,,,,,12220,,-2.39,,,,,,,0.73,3,41,10,5,9,7,4,4,1413.793103,,40,,,,,,,1515,,-2.44,,,,,,,7.16,,-5.5,,,,,,,88.42105263,,-1,,,,,,,101.2068966,1.53,0.39
Shrewsbury,West Midlands,157.5,952.75,103.25,49.75,55,439.75,66,81.5,63516.66667,150,1075,105,65,60,505,90,105,69365,-4.76,12.83,1.69,30.65,9.09,14.84,36.36,28.83,9.21,50,374,35,29,27,177,40,18,7480,47.5,440,40,37.5,30,212.5,50,22.5,7892.5,-5,17.65,14.29,29.31,11.11,20.06,25,25,5.51,-7.5,122.25,1.75,15.25,5,65.25,24,23.5,5848.333333,-2.5,66,5,8.5,3,35.5,10,4.5,412.5,39.02,1.86
Sidmouth,South West,30.75,325.25,13.5,24.25,27.25,95.25,60,74.25,13010,,390,,,,,,,13520,,19.91,,,,,,,3.92,15,148,7,13,20,55,27,13,2596.491228,,182.5,,,,,,,2700,,23.31,,,,,,,3.99,,64.75,,,,,,,510,,34.5,,,,,,,103.5087719,7,1.49
Skegness and Louth,East Midlands,27.75,543.25,43,22.25,43.75,89.5,44.25,272.75,27162.5,,525,,,,,,,28475,,-3.36,,,,,,,4.83,16,130,20,11,11,45,20,8,4062.5,,132.5,,,,,,,4110,,1.92,,,,,,,1.17,,-18.25,,,,,,,1312.5,,2.5,,,,,,,47.5,5.14,0.46
Skipton,Yorkshire and The Humber,31,646.5,142.75,59.25,16.5,292.5,37.75,66.75,24865.38462,,660,135,80,45,270,35,,24305,,2.09,-5.43,35.02,172.73,-7.69,-7.28,,-2.25,12,184,31,16,11,81,20,14,3538.461538,,192.5,30,20,15,85,22.5,,3760,,4.62,-3.23,25,36.36,4.94,12.5,,6.26,,13.5,-7.75,20.75,28.5,-22.5,-2.75,,-560.3846154,,8.5,-1,4,4,4,2.5,,221.5384615,13.65,1.96
Slough and Heathrow,London,5116.5,65398.75,1693.25,1683.75,15538.5,36889.25,3014.75,1462.75,990890.1515,5125,64175,1755,2035,15155,35615,3145,1350,987070,0.17,-1.87,3.65,20.86,-2.47,-3.45,4.32,-7.71,-0.39,967,12655,441,700,1648,7217,1362,319,84932.88591,1062.5,15470,525,805,1982.5,9357.5,1385,355,99447.5,9.88,22.24,19.05,15,20.3,29.66,1.69,11.29,17.09,8.5,-1223.75,61.75,351.25,-383.5,-1274.25,130.25,-112.75,-3820.151515,95.5,2815,84,105,334.5,2140.5,23,36,14514.61409,3236.37,8.07
Southampton,South East,824.75,12389.5,829.5,515.5,609.25,3759,735.75,5115.75,326039.4737,925,11625,930,650,725,4975,770,2645,343720,12.16,-6.17,12.12,26.09,19,32.35,4.66,-48.3,5.42,224,2451,178,221,237,1283,231,79,27852.27273,237.5,2837.5,202.5,255,287.5,1550,220,85,31717.5,6.03,15.77,13.76,15.38,21.31,20.81,-4.76,7.59,13.88,100.25,-764.5,100.5,134.5,115.75,1216,34.25,-2470.75,17680.52632,13.5,386.5,24.5,34,50.5,267,-11,6,3865.227273,522.7,4.23
Southend,East of England,332,6957.75,335.25,374.25,325.5,4690.75,485.25,414.75,217429.6875,305,8830,345,410,385,6550,510,330,189285,-8.13,26.91,2.91,9.55,18.28,39.64,5.1,-20.43,-12.94,136,1691,95,171,113,938,179,61,21679.48718,135,2042.5,135,182.5,147.5,1167.5,180,95,24850,-0.74,20.79,42.11,6.73,30.53,24.47,0.56,55.74,14.62,-27,1872.25,9.75,35.75,59.5,1859.25,24.75,-84.75,-28144.6875,-1,351.5,40,11.5,34.5,229.5,1,34,3170.512821,122.51,2.53
Spalding,East Midlands,15.75,260.75,36.25,32.25,22.5,100,23.25,30.75,26075,,290,40,35,,130,25,,25980,,11.22,10.34,8.53,,30,7.53,,-0.36,8,126,15,17,10,56,14,6,3705.882353,,145,17.5,17.5,,65,15,,4187.5,,15.08,16.67,2.94,,16.07,7.14,,13,,29.25,3.75,2.75,,30,1.75,,-95,,19,2.5,0.5,,9,1,,481.6176471,7.86,0.91
St Andrews and Cupar,Scotland,6,198,18.25,18,38.25,66.75,48.75,,15230.76923,,175,,,,,,,17150,,-11.62,,,,,,,12.6,5,72,9,4,7,31,16,,1894.736842,,77.5,,,,,,,1955,,7.64,,,,,,,3.18,,-23,,,,,,,1919.230769,,5.5,,,,,,,60.26315789,3.05,0.57
St Austell and Newquay,South West,102,582,84.5,50,50,171.25,74.75,49.5,41571.42857,130,625,95,60,50,175,75,40,43865,27.45,7.39,12.43,20,0,2.19,0.33,-19.19,5.52,26,215,24,25,18,65,44,13,5119.047619,30,247.5,27.5,30,25,80,42.5,15,5475,15.38,15.12,14.58,20,38.89,23.08,-3.41,15.38,6.95,28,43,10.5,10,0,3.75,0.25,-9.5,2293.571429,4,32.5,3.5,5,7,15,-1.5,2,355.952381,19.7,1.37
Stafford,West Midlands,84.75,942.75,65.25,55.75,46.5,567.25,59.5,63.75,72519.23077,85,1250,255,55,35,705,55,60,61860,0.29,32.59,290.8,-1.35,-24.73,24.28,-7.56,-5.88,-14.7,45,389,24,34,22,208,36,21,6377.04918,37.5,410,25,25,25,245,30,20,6727.5,-16.67,5.4,4.17,-26.47,13.64,17.79,-16.67,-4.76,5.5,0.25,307.25,189.75,-0.75,-11.5,137.75,-4.5,-3.75,-10659.23077,-7.5,21,1,-9,3,37,-6,-1,350.4508197,37.63,1.99
Stevenage and Welwyn Garden City,East of England,1084,6491.5,447.75,371.75,323.5,3382,455.75,426.75,175445.9459,1070,6360,515,455,385,2990,495,455,195875,-1.29,-2.03,15.02,22.39,19.01,-11.59,8.61,6.62,11.64,133,1876,107,158,152,1038,217,72,16456.14035,150,2252.5,127.5,185,207.5,1262.5,235,85,18622.5,12.78,20.07,19.16,17.09,36.51,21.63,8.29,18.06,13.16,-14,-131.5,67.25,83.25,61.5,-392,39.25,28.25,20429.05405,17,376.5,20.5,27,55.5,224.5,18,13,2166.359649,168.39,4.71
Stoke-on-Trent,West Midlands,549,2910.5,101.25,184.25,276.25,1341.5,347,111.25,181906.25,605,3535,135,160,525,1595,400,125,188175,10.2,21.46,33.33,-13.16,90.05,18.9,15.27,12.36,3.45,91,768,39,74,64,395,79,27,16340.42553,100,875,42.5,67.5,65,495,77.5,32.5,17540,9.89,13.93,8.97,-8.78,1.56,25.32,-1.9,20.37,7.34,56,624.5,33.75,-24.25,248.75,253.5,53,13.75,6268.75,9,107,3.5,-6.5,1,100,-1.5,5.5,1199.574468,169.98,2.81
Stranraer,Scotland,,7.5,,,,,,,3750,,,,,,,,,,,,,,,,,,,,5,,,,,,,714.2857143,,,,,,,,,,,,,,,,,,,,,,,,,,,,,,,,,,,,,0,0
Street and Wells,South West,61,615,110,45.5,54.25,199.75,114,30.5,34166.66667,50,700,135,55,65,240,115,45,34920,-18.03,13.82,22.73,20.88,19.82,20.15,0.88,47.54,2.2,28,265,21,24,26,101,47,17,3955.223881,27.5,310,25,27.5,32.5,127.5,47.5,20,4282.5,-1.79,16.98,19.05,14.58,25,26.24,1.06,17.65,8.27,-11,85,25,9.5,10.75,40.25,1,14.5,753.3333333,-0.5,45,4,3.5,6.5,26.5,0.5,3,327.2761194,21.77,2.73
Sunderland,North East,150,1223.25,77.5,108.25,65.5,705.75,71.25,45,111204.5455,130,1410,90,115,55,840,135,55,129565,-13.33,15.27,16.13,6.24,-16.03,19.02,89.47,22.22,16.51,47,368,31,37,29,181,32,12,7666.666667,40,440,35,37.5,35,227.5,42.5,20,8652.5,-14.89,19.57,12.9,1.35,20.69,25.69,32.81,66.67,12.86,-20,186.75,12.5,6.75,-10.5,134.25,63.75,10,18360.45455,-7,72,4,0.5,6,46.5,10.5,8,985.8333333,37.39,1.28
Swansea,Wales,90.5,1359.25,108,98.5,169.75,666.25,161,65.25,123568.1818,65,1755,120,210,215,880,170,95,126795,-28.18,29.12,11.11,113.2,26.66,32.08,5.59,45.59,2.61,30,465,33,30,47,234,71,21,9687.5,27.5,562.5,32.5,40,75,285,80,25,10272.5,-8.33,20.97,-1.52,33.33,59.57,21.79,12.68,19.05,6.04,-25.5,395.75,12,111.5,45.25,213.75,9,29.75,3226.818182,-2.5,97.5,-0.5,10,28,51,9,4,585,49.58,1.59
Swindon,South West,464,5171.75,348.75,231,222.25,3350,343.25,212.5,178336.2069,575,5445,410,235,235,3320,390,290,192140,23.92,5.28,17.56,1.73,5.74,-0.9,13.62,36.47,7.74,148,1859,98,129,118,1153,154,59,17875,155,2110,112.5,125,137.5,1345,167.5,67.5,19852.5,4.73,13.5,14.8,-3.1,16.53,16.65,8.77,14.41,11.06,111,273.25,61.25,4,12.75,-30,46.75,77.5,13803.7931,7,251,14.5,-4,19.5,192,13.5,8.5,1977.5,159.97,3.8
Taunton,South West,66.5,768.75,71.75,61,41,327.75,108.75,92,85416.66667,55,890,80,70,50,455,85,105,83785,-17.29,15.77,11.5,14.75,21.95,38.83,-21.84,14.13,-1.91,31,314,26,25,28,128,54,23,5607.142857,27.5,372.5,35,32.5,30,170,52.5,22.5,6020,-11.29,18.63,34.62,30,7.14,32.81,-2.78,-2.17,7.36,-11.5,121.25,8.25,9,9,127.25,-23.75,13,-1631.666667,-3.5,58.5,9,7.5,2,42,-1.5,-0.5,412.8571429,29.01,2.12
Telford,West Midlands,80.25,1498.25,82.75,73.5,51.5,804,69,337.25,78855.26316,130,1660,85,95,60,955,65,265,84115,61.99,10.8,2.72,29.25,16.5,18.78,-5.8,-21.42,6.67,41,504,42,38,31,293,37,24,7522.38806,45,597.5,32.5,47.5,40,372.5,42.5,22.5,8117.5,9.76,18.55,-22.62,25,29.03,27.13,14.86,-6.25,7.91,49.75,161.75,2.25,21.5,8.5,151,-4,-72.25,5259.736842,4,93.5,-9.5,9.5,9,79.5,5.5,-1.5,595.1119403,61.71,2.42
Thetford and Mildenhall,East of England,41.25,417,31.75,41.5,56.5,129.5,61.5,55,29785.71429,40,470,45,35,40,175,50,,28535,-3.03,12.71,41.73,-15.66,-29.2,35.14,-18.7,,-4.2,17,169,10,16,16,70,27,14,3930.232558,20,185,17.5,15,17.5,80,25,,4145,17.65,9.47,75,-6.25,9.38,14.29,-7.41,,5.46,-1.25,53,13.25,-6.5,-16.5,45.5,-11.5,,-1250.714286,3,16,7.5,-1,1.5,10,-2,,214.7674419,5.8,0.67
Thurso,Scotland,,26.5,,5.25,8,5.5,,,4416.666667,,20,,,,,,,4460,,-24.53,,,,,,,0.98,,14,,3,3,4,,,736.8421053,,15,,,,,,,767.5,,7.14,,,,,,,4.16,,-6.5,,,,,,,43.33333333,,1,,,,,,,30.65789474,0.7,0.62
Torquay and Paignton,South West,60.25,828.75,130,48.75,94.5,281.75,143.5,70,48750,75,945,155,70,95,310,145,90,49935,24.48,14.03,19.23,43.59,0.53,10.03,1.05,28.57,2.43,28,338,33,25,38,127,60,28,5451.612903,35,392.5,42.5,30,37.5,155,55,37.5,5795,25,16.12,28.79,20,-1.32,22.05,-8.33,33.93,6.3,14.75,116.25,25,21.25,0.5,28.25,1.5,20,1185,7,54.5,9.5,5,-0.5,28,-5,9.5,343.3870968,25.32,1.74
Trowbridge,South West,222.75,2689.75,170.75,178,121.25,1486.5,267,243.5,89658.33333,205,2975,170,165,145,1780,290,225,95155,-7.97,10.61,-0.44,-7.3,19.59,19.74,8.61,-7.6,6.13,73,934,53,92,68,451,143,54,10613.63636,67.5,1022.5,67.5,95,85,512.5,152.5,45,12860,-7.53,9.48,27.36,3.26,25,13.64,6.64,-16.67,21.16,-17.75,285.25,-0.75,-13,23.75,293.5,23,-18.5,5496.666667,-5.5,88.5,14.5,3,17,61.5,9.5,-9,2246.363636,84.66,3.18
Tunbridge Wells,South East,839.75,5953.25,373,383.75,348,1969,570.75,1469,104442.9825,740,6505,430,420,420,2295,590,1605,107700,-11.88,9.27,15.28,9.45,20.69,16.56,3.37,9.26,3.12,250,2012,132,182,216,813,284,137,17964.28571,255,2272.5,155,187.5,252.5,990,287.5,147.5,19107.5,2,12.95,17.42,3.02,16.9,21.77,1.23,7.66,6.36,-99.75,551.75,57,36.25,72,326,19.25,136,3257.017544,5,260.5,23,5.5,36.5,177,3.5,10.5,1143.214286,313.41,5.92
Turriff and Banff,Scotland,,63.75,12.5,,,34.5,5.25,,7083.333333,,55,,,,,,,7295,,-13.73,,,,,,,2.99,,24,6,,,11,3,,1500,,15,,,,,,,1472.5,,-37.5,,,,,,,-1.83,,-8.75,,,,,,,211.6666667,,-9,,,,,,,-27.5,0.82,0.29
Tywyn and Dolgellau,Wales,11.75,93,6.75,,15,12.25,25.25,19.25,6200,,95,,,,,,,6270,,2.15,,,,,,,1.13,4,45,4,,8,10,12,7,1607.142857,,50,,,,,,,1602.5,,11.11,,,,,,,-0.29,,2,,,,,,,70,,5,,,,,,,-4.642857143,1.68,0.71
Ullapool,Scotland,,46.5,,7,3.5,8,11.75,,2113.636364,,50,,,,,,,2225,,7.53,,,,,,,5.27,,21,,3,4,7,5,,567.5675676,,17.5,,,,,,,540,,-16.67,,,,,,,-4.86,,3.5,,,,,,,111.3636364,,-3.5,,,,,,,-27.56756757,0.59,0.59
Wadebridge,South West,16.5,205.25,16.75,22.5,54,22.5,31.25,41.75,10262.5,,235,,30,70,30,30,,11645,,14.49,,33.33,29.63,33.33,-4,,13.47,9,86,6,10,17,14,20,10,2097.560976,,97.5,,15,22.5,15,17.5,,2137.5,,13.37,,50,32.35,7.14,-12.5,,1.9,,29.75,,7.5,16,7.5,-1.25,,1382.5,,11.5,,5,5.5,1,-2.5,,39.93902439,3.55,1.04
Wakefield and Castleford,Yorkshire and The Humber,131.75,1251.5,130.5,103.75,61.5,553.25,218,52.75,156437.5,150,1585,150,130,70,815,210,65,165530,13.85,26.65,14.94,25.3,13.82,47.31,-3.67,23.22,5.81,44,419,31,46,24,210,51,14,9108.695652,52.5,530,42.5,52.5,27.5,287.5,55,15,10295,19.32,26.49,37.1,14.13,14.58,36.9,7.84,7.14,13.02,18.25,333.5,19.5,26.25,8.5,261.75,-8,12.25,9092.5,8.5,111,11.5,6.5,3.5,77.5,4,1,1186.304348,52.79,1.7
Warrington and Wigan,North West,420.25,5702.75,349.75,290,205.75,3123.25,246,1067.75,300144.7368,510,5120,390,330,255,3255,270,110,318875,21.36,-10.22,11.51,13.79,23.94,4.22,9.76,-89.7,6.24,138,1606,131,136,103,950,112,36,27689.65517,150,1877.5,137.5,137.5,132.5,1157.5,127.5,35,29810,8.7,16.91,4.96,1.1,28.64,21.84,13.84,-2.78,7.66,89.75,-582.75,40.25,40,49.25,131.75,24,-957.75,18730.26316,12,271.5,6.5,1.5,29.5,207.5,15.5,-1,2120.344828,223.64,2.07
Western Isles,Scotland,,,,,,,,,,,190,,,,,,,8765,,,,,,,,,,,,,,,,,,,,52.5,,,,,,,1215,,,,,,,,,,,,,,,,,,,,,,,,,,,,12.4,4.66
Weston-super-Mare,South West,120.25,1140.25,145.5,56.75,99.5,535.25,124.5,58.5,54297.61905,115,1245,300,75,105,490,110,50,57080,-4.37,9.19,106.19,32.16,5.53,-8.45,-11.65,-14.53,5.12,40,448,28,36,50,225,51,18,6588.235294,40,522.5,30,45,65,270,55,15,7082.5,0,16.63,7.14,25,30,20,7.84,-16.67,7.5,-5.25,104.75,154.5,18.25,5.5,-45.25,-14.5,-8.5,2782.380952,0,74.5,2,9,15,45,4,-3,494.2647059,27.76,1.82
Whitby,Yorkshire and The Humber,3.75,73.5,7.25,,7.25,38.75,12.25,4,6681.818182,,85,,,,,,,7445,,15.65,,,,,,,11.42,3,32,3,,4,12,7,3,1391.304348,,37.5,,,,,,,1460,,17.19,,,,,,,4.94,,11.5,,,,,,,763.1818182,,5.5,,,,,,,68.69565217,1.49,0.53
Whitehaven,North West,,117.75,15.75,11.25,7.75,41.75,29.75,9.25,19625,,145,,,,,,,22410,,23.14,,,,,,,14.19,,78,12,9,4,33,15,4,2516.129032,,95,,,,,,,2685,,21.79,,,,,,,6.71,,27.25,,,,,,,2785,,17,,,,,,,168.8709677,3.63,0.54
Wick,Scotland,,34.25,,5.75,,6.75,,,2446.428571,,35,,,,,,,2450,,2.19,,,,,,,0.15,,15,,3,,4,,,681.8181818,,15,,,,,,,715,,0,,,,,,,4.87,,0.75,,,,,,,3.571428571,,0,,,,,,,33.18181818,0.12,0.11
Wisbech,East of England,33.25,259,23,10.75,23,125.75,27.5,15.75,19923.07692,,295,,,,,,,20205,,13.9,,,,,,,1.42,11,120,8,8,7,65,14,7,3157.894737,,130,,,,,,,3315,,8.33,,,,,,,4.98,,36,,,,,,,281.9230769,,10,,,,,,,157.1052632,10.19,1.58
Wolverhampton and Walsall,West Midlands,391.5,4137,245,298.75,170.75,2121.75,377.75,531.5,318230.7692,505,4255,305,315,190,2015,450,470,341150,28.99,2.85,24.49,5.44,11.27,-5.03,19.13,-11.57,7.2,118,1167,80,134,73,623,98,41,22882.35294,115,1380,102.5,137.5,92.5,772.5,110,45,25465,-2.54,18.25,28.12,2.61,26.71,24,12.24,9.76,11.29,113.5,118,60,16.25,19.25,-106.75,72.25,-61.5,22919.23077,-3,213,22.5,3.5,19.5,149.5,12,4,2582.647059,197.6,2.19
Worcester and Kidderminster,West Midlands,241,3497.75,174.25,225.25,248.75,1752,358,498.5,134528.8462,250,6370,200,205,320,2100,370,2925,147340,3.73,82.12,14.78,-8.99,28.64,19.86,3.35,486.76,9.52,86,883,63,87,71,434,102,40,13179.10448,95,985,70,90,77.5,505,102.5,42.5,13840,10.47,11.55,11.11,3.45,9.15,16.36,0.49,6.25,5.01,9,2872.25,25.75,-20.25,71.25,348,12,2426.5,12811.15385,9,102,7,3,6.5,71,0.5,2.5,660.8955224,163.09,4.05
Workington,North West,7.75,299.5,37,28.25,94.75,67.5,41.5,22.75,21392.85714,,325,,,,,,,21155,,8.51,,,,,,,-1.11,6,88,12,12,6,32,17,4,3384.615385,,100,,,,,,,3520,,13.64,,,,,,,4,,25.5,,,,,,,-237.8571429,,12,,,,,,,135.3846154,4.36,0.39
Worksop and Retford,East Midlands,59.75,452.25,28.25,32.5,33,190.75,76.5,31.5,50250,,500,,,,,,,92400,,10.56,,,,,,,83.88,11,159,9,16,11,84,21,8,3785.714286,,195,,,,,,,4132.5,,22.64,,,,,,,9.16,,47.75,,,,,,,42150,,36,,,,,,,346.7857143,11.66,1.15
Worthing,South East,513.75,2185,112,116.25,194.25,948.5,146.75,153.5,136562.5,95,2105,145,165,405,960,190,150,129640,-81.51,-3.66,29.46,41.94,108.49,1.21,29.47,-2.28,-5.07,49,687,36,70,79,335,78,40,7082.474227,50,785,40,82.5,87.5,390,87.5,45,7662.5,2.04,14.26,11.11,17.86,10.76,16.42,12.18,12.5,8.19,-418.75,-80,33,48.75,210.75,11.5,43.25,-3.5,-6922.5,1,98,4,12.5,8.5,55,9.5,5,580.0257732,71.5,3.05
Wrexham,Wales,67,427.75,44.75,41.75,43.5,157.125,58.5,17.075,47527.77778,90,480,45,45,40,185,60,,47615,34.33,12.22,0.56,7.78,-8.05,17.74,2.56,,0.18,22,212,17,18,19,139.5,42,15,4416.666667,25,227.5,20,17.5,20,105,30,,4692.5,13.64,7.31,17.65,-2.78,5.26,-24.73,-28.57,,6.25,23,52.25,0.25,3.25,-3.5,27.875,1.5,,87.22222222,3,15.5,3,-0.5,1,-34.5,-12,,275.8333333,7.78,0.72
Yeovil,South West,103.25,1336.75,102.75,148.25,73.75,576.25,148.75,183.75,74263.88889,105,1415,115,185,85,640,185,105,78710,1.69,5.85,11.92,24.79,15.25,11.06,24.37,-42.86,5.99,44,492,30,40,44,213,89,34,8338.983051,47.5,552.5,32.5,47.5,52.5,252.5,95,32.5,8687.5,7.95,12.3,8.33,18.75,19.32,18.54,6.74,-4.41,4.18,1.75,78.25,12.25,36.75,11.25,63.75,36.25,-78.75,4446.111111,3.5,60.5,2.5,7.5,8.5,39.5,6,-1.5,348.5169492,46.44,2.59
York,Yorkshire and The Humber,423.75,3559.25,234,182.75,200,2011,384.75,123,127116.0714,455,4725,285,205,285,2855,520,125,133785,7.37,32.75,21.79,12.18,42.5,41.97,35.15,1.63,5.25,97,950,71,89,86,467,100,40,14179.10448,107.5,1167.5,90,97.5,115,605,102.5,50,15392.5,10.82,22.89,26.76,9.55,33.72,29.55,2.5,25,8.56,31.25,1165.75,51,22.25,85,844,135.25,2,6668.928571,10.5,217.5,19,8.5,29,138,2.5,10,1213.395522,140.45,3.45